gender,years_exp,education,test_score,age,career_break_months,senior_hire_old,hire_score,senior_hire
M,9.54,0,64.9,29.1,7,0,9.922434159508864,0
M,0.03,0,70.0,32.8,13,0,2.835031787519009,0
M,4.66,0,64.9,42.7,3,0,8.373902391612916,0
F,6.32517395982783,1,62.9,44.0,22,0,13.446716412696343,0
F,4.83517395982783,0,59.7,34.8,36,0,2.694516602606243,0
M,3.48,1,76.6,36.2,5,0,8.497640986275364,0
F,5.62517395982783,0,67.4,34.0,24,0,7.786267786248486,0
M,5.49,1,69.5,40.5,8,0,10.977514815312835,0
M,5.29,1,56.3,38.5,8,0,10.552397684991423,0
M,0.81,0,60.6,31.2,3,0,2.940912144852841,0
F,5.40517395982783,1,70.0,43.2,25,0,13.361382929639573,0
F,3.63517395982783,1,55.9,33.3,9,0,11.286170850771812,0
F,4.40517395982783,1,52.9,31.2,31,0,10.03764837503635,0
F,6.34517395982783,2,64.1,25.2,38,0,17.91406939384998,1
M,7.1,1,82.4,38.3,3,0,14.253018684504093,0
M,7.74,0,70.3,33.1,5,0,7.072415074233524,0
M,4.26,2,85.5,33.1,4,0,16.852501568164996,1
M,7.81,1,66.4,35.6,8,0,10.635234798342003,0
M,8.43,1,64.3,25.8,8,0,14.472900602614546,0
M,8.34,0,51.3,42.2,2,0,7.661148178027494,0
F,9.24517395982783,1,61.1,44.0,20,0,12.529862252823396,0
F,5.41517395982783,1,85.2,25.8,16,0,11.309727891106032,0
M,5.06,1,71.9,31.0,5,0,14.00808267734806,0
F,7.83517395982783,2,76.8,28.6,28,0,16.98452801577631,1
F,2.35517395982783,0,76.5,23.7,43,0,5.675931335587701,0
M,6.02,2,67.9,41.0,4,0,15.058732899023543,1
M,4.17,1,65.5,35.8,6,0,11.734618371106698,0
M,4.58,1,69.4,44.2,4,0,11.878888128728157,0
M,1.15,2,76.1,31.0,4,0,14.727465223191976,0
M,3.27,1,73.5,33.1,3,0,11.641642006015767,0
M,5.45,2,73.9,37.0,12,0,20.181295201740923,1
F,7.99517395982783,2,69.8,34.1,11,0,16.070756947144684,0
F,8.25517395982783,2,58.8,25.3,22,0,15.21910152177084,0
F,5.57517395982783,1,64.9,43.5,31,0,9.703041523418161,0
M,5.03,1,56.7,21.8,7,0,11.715958845150993,0
F,3.69517395982783,0,80.1,32.4,34,0,9.712531565355699,0
F,6.78517395982783,1,42.8,29.5,18,0,10.160692064604165,0
F,5.15517395982783,2,65.4,38.8,3,0,13.47527402598886,0
M,7.01,0,96.6,40.0,7,0,8.61803756861752,0
F,10.1551739598278,1,63.9,30.0,40,0,14.851772555563302,0
F,5.69517395982783,1,54.4,35.7,10,0,12.142095322320799,0
M,1.76,0,67.8,44.2,4,0,6.71230853661039,0
M,3.35,2,83.5,41.8,2,0,14.188980585422613,0
M,1.85,1,66.1,39.5,8,0,10.016322646133439,0
M,2.51,0,75.4,34.1,5,0,6.766371618281457,0
M,8.76,0,69.2,42.7,9,0,9.661377193458026,0
F,6.34517395982783,1,63.5,42.0,63,0,13.360444535810295,0
M,1.7,0,100.0,41.4,6,0,8.297191097549366,0
M,7.13,1,68.9,37.4,7,0,13.74582712614379,0
M,8.65,0,61.6,35.0,7,0,8.772158138977783,0
F,4.87517395982783,1,62.1,31.7,28,0,11.362825777293883,0
M,3.81,1,72.6,32.8,5,0,12.24957645167708,0
F,4.93517395982783,2,72.9,34.3,13,0,12.656275340202583,0
F,6.48517395982783,1,77.3,32.1,17,0,12.014244547199311,0
F,7.37517395982783,1,69.7,34.6,18,0,11.625841671328324,0
F,8.73517395982783,0,50.8,54.8,10,0,6.645831283427231,0
M,8.53,0,74.4,27.6,2,0,8.922715497546633,0
F,8.73517395982783,2,64.3,23.7,21,0,19.858469602382705,1
M,8.9,2,64.6,42.4,5,0,15.240337768613514,1
M,7.15,1,50.2,22.0,6,0,13.025556709182961,0
M,1.67,2,61.1,32.8,3,0,9.746260456768393,0
M,5.17,1,59.3,36.0,7,0,10.066229940028451,0
M,6.28,1,67.6,40.2,3,0,12.19750613021001,0
F,4.81517395982783,1,50.6,42.0,35,0,11.122031642632471,0
F,8.05517395982783,1,68.6,36.9,13,0,14.252040139499627,0
F,4.87517395982783,1,69.5,32.3,15,0,12.889281450313765,0
F,3.46517395982783,0,54.6,42.6,16,0,4.857136835417041,0
F,9.38517395982783,1,60.5,44.0,7,0,12.002883394584781,0
M,7.17,1,57.7,45.6,4,0,13.339951762514309,0
F,6.32517395982783,0,78.9,31.1,21,0,8.302978330150687,0
M,7.82,1,37.7,41.0,7,0,7.997627353324155,0
F,8.43517395982783,0,63.9,36.0,28,0,6.424012551906955,0
M,6.35,1,48.1,33.3,3,0,8.703095427996777,0
M,0.0,2,62.8,39.4,10,0,13.39032148810753,0
F,4.08517395982783,1,78.2,32.8,41,0,11.801438452055049,0
M,4.36,1,60.4,27.4,4,0,11.788970708135537,0
M,3.04,1,69.7,43.6,7,0,9.544494707326933,0
M,6.0,0,57.9,34.1,8,0,7.3700793821534285,0
M,8.48,1,91.3,31.0,10,0,15.882180787934674,1
F,4.56517395982783,2,79.0,39.2,23,0,15.19389390047344,0
F,2.93517395982783,2,81.5,37.6,16,0,16.08613745502874,0
M,10.57,0,52.1,31.2,9,0,7.608148117866698,0
M,4.37,0,54.8,34.6,9,0,5.2948923068698575,0
F,2.69517395982783,2,81.0,36.4,27,0,14.254111191917257,0
M,6.09,2,65.7,32.6,11,0,13.252320708821921,0
M,6.56,1,64.9,48.7,5,0,12.796944961571164,0
M,3.74,2,72.0,30.7,3,0,13.971195319594553,0
F,7.75517395982783,1,52.9,39.1,22,0,11.605575217369289,0
F,4.55517395982783,2,77.3,39.6,20,0,16.650080297725733,1
F,3.46517395982783,0,68.2,45.4,59,0,7.399649331973804,0
F,6.22517395982783,1,73.8,31.3,15,0,13.609357197859488,0
M,7.43,1,60.0,35.2,4,0,11.718029030981151,0
M,3.92,0,74.2,35.2,4,0,6.307403375911694,0
M,6.33,1,59.5,35.2,5,0,11.170563578187203,0
F,5.54517395982783,0,79.5,36.1,23,0,4.962918111997856,0
M,12.56,1,81.6,35.3,3,0,13.097775055153827,0
F,4.00517395982783,2,78.9,51.2,10,0,12.88018775520511,0
F,9.23517395982783,1,74.2,32.7,28,0,11.817093324710951,0
F,5.64517395982783,2,75.6,43.9,40,0,16.91413543336079,1
F,5.45517395982783,1,35.5,30.6,15,0,7.401628869193794,0
M,7.3,1,78.0,32.1,7,0,12.353674891921221,0
M,7.73,0,64.7,31.5,3,0,10.992456595572133,0
F,8.94517395982783,0,69.1,40.9,44,0,8.597059037791063,0
M,6.32,1,64.6,29.8,15,0,13.157031136934174,0
M,4.0,2,51.3,26.1,1,0,11.723764639980248,0
F,4.43517395982783,1,61.5,35.5,38,0,10.111711864178655,0
M,6.77,2,75.9,36.3,5,0,14.797955890178837,0
M,6.95,0,85.0,40.9,5,0,8.746933848198875,0
F,9.27517395982783,2,60.5,39.0,19,0,18.553203254828706,1
M,6.55,2,57.2,31.7,5,0,11.824359153615303,0
M,8.15,1,85.4,31.6,2,0,14.921847287091715,0
M,9.29,1,57.4,33.1,5,0,13.138471204664556,0
F,6.18517395982783,1,92.9,34.8,21,0,12.407287068520327,0
M,1.79,0,68.6,32.2,15,0,2.804884291223092,0
F,2.82517395982783,1,57.4,44.3,20,0,9.574845995341654,0
M,1.91,1,79.8,26.4,9,0,9.482014581872395,0
M,9.48,1,88.3,43.2,4,0,15.386352422709408,1
F,3.65517395982783,0,50.8,36.3,21,0,5.427291270960801,0
F,8.85517395982783,0,86.7,35.5,27,0,13.700144762555746,0
M,6.96,0,64.6,37.6,5,0,7.523288745053952,0
F,10.0651739598278,2,85.8,39.4,8,0,16.991591994670173,1
M,8.01,0,63.4,30.7,4,0,8.801551269912634,0
M,5.24,0,49.1,36.8,3,0,6.4969933679435306,0
M,5.0,0,74.0,32.4,6,0,10.398375150480874,0
M,5.71,1,79.1,33.7,2,0,14.062222491829157,0
F,6.21517395982783,1,93.2,32.3,11,0,14.345329098212934,0
F,4.44517395982783,2,88.7,22.5,14,0,19.358192762353042,1
F,5.69517395982783,2,76.3,27.5,38,0,13.811060871268213,0
F,9.79517395982783,2,65.1,32.2,17,0,16.17508391441442,0
F,1.51517395982783,2,61.8,46.8,8,0,11.230435097102866,0
M,6.15,1,64.5,37.2,5,0,10.810380393688463,0
M,3.23,0,58.0,40.7,5,0,2.921627704887383,0
F,6.24517395982783,2,64.7,50.2,18,0,16.921888873542724,1
F,7.87517395982783,0,37.5,28.4,30,0,6.118141585716368,0
M,5.36,1,70.1,44.1,3,0,8.645387410994683,0
F,7.70517395982783,0,67.7,37.5,35,0,6.560428817498833,0
M,1.53,2,98.8,45.2,9,1,16.308027694900392,1
M,8.27,0,77.1,33.5,1,0,11.208253135788762,0
M,3.99,1,62.2,32.0,6,0,14.342461783383573,0
M,7.06,0,74.8,35.6,7,0,14.59372493201466,0
M,5.96,2,53.3,35.8,5,0,15.539818866551993,1
M,0.0,1,60.8,30.6,12,0,6.276923759936272,0
F,3.88517395982783,1,45.6,32.4,8,0,4.8704944184512975,0
M,6.05,0,85.2,31.3,7,0,9.524422924687672,0
F,9.65517395982784,0,75.1,38.0,26,0,8.458704789293266,0
M,6.22,2,53.9,39.9,8,0,14.052285479640629,0
F,6.41517395982783,1,67.3,28.8,6,0,10.694393381794299,0
F,2.24517395982783,1,79.4,38.7,41,0,10.399005207081144,0
M,9.08,2,73.9,44.9,3,0,19.844960461575287,1
M,10.02,1,72.6,33.6,5,0,14.406097134890688,0
F,5.84517395982783,0,57.7,31.7,17,0,6.644317305836539,0
M,4.95,1,60.4,31.1,4,0,8.631692494348377,0
M,1.45,0,69.1,33.3,5,0,2.2126341105912855,0
M,7.71,1,79.0,29.0,4,0,12.41238418185334,0
M,12.26,1,58.1,33.4,3,0,14.089434898363358,0
M,7.29,1,54.5,37.5,3,0,14.995859827159766,0
F,8.93517395982783,2,81.7,29.4,14,0,18.447136022859688,1
F,7.13517395982783,2,56.8,32.6,28,0,17.50906600196003,1
F,3.31517395982783,1,80.9,24.4,31,0,10.32199578283561,0
F,9.11517395982783,2,70.9,40.6,19,0,15.150699447079866,0
F,2.68517395982783,2,78.6,31.4,15,0,12.91435345544917,0
M,4.97,1,88.9,34.5,12,0,11.257547870928494,0
M,6.2,1,76.3,42.4,7,0,16.697939464870327,1
F,7.98517395982783,2,77.3,45.5,43,0,15.760813621465141,0
M,6.54,1,57.0,35.9,8,0,12.93697840747269,0
M,6.47,0,59.7,37.9,10,0,5.608145643825947,0
M,3.6,0,75.7,34.1,5,0,8.962146025748488,0
M,2.28,1,86.4,42.9,7,0,11.957901932211726,0
F,5.92517395982783,1,84.7,41.5,27,0,12.578311184597737,0
M,3.72,1,95.8,27.7,6,0,12.484474947729133,0
M,2.23,1,71.7,33.2,7,0,8.82442460914122,0
M,2.34,0,70.4,28.0,5,0,6.9901444029641615,0
M,4.27,0,80.1,40.0,7,0,6.83203303931844,0
F,1.14517395982783,0,68.2,43.9,20,0,2.8953754523794193,0
F,2.40517395982783,1,67.3,34.1,22,0,7.357711831274678,0
F,1.68517395982783,0,55.4,44.5,9,0,5.065762815358155,0
M,5.96,1,79.9,40.1,9,0,15.73118251282087,1
M,6.52,2,55.1,31.9,4,0,15.436983227146877,1
M,10.52,1,74.1,44.9,6,0,14.209723347780233,0
F,2.03517395982783,2,51.0,44.5,19,0,13.159239259119001,0
M,3.8,1,81.2,33.2,4,0,14.196003483413651,0
M,7.78,2,55.7,26.7,6,0,16.227765002727715,1
M,4.96,0,78.1,33.3,3,0,7.125145538332527,0
M,4.68,1,48.9,37.2,5,0,11.975577420119777,0
M,9.77,2,62.7,33.6,9,0,18.131512876923228,1
F,4.92517395982783,1,82.1,34.2,36,0,15.2810989639059,0
F,2.88517395982783,2,58.3,37.0,21,0,13.890055854357728,0
F,2.48517395982783,0,68.8,45.3,34,0,3.609648916472915,0
F,6.61517395982783,0,62.3,37.6,25,0,4.932268581422585,0
F,6.53517395982783,2,40.3,32.3,21,0,17.390442844376413,1
F,2.34517395982783,1,71.7,43.1,8,0,13.638918421480511,0
M,3.04,1,73.2,48.6,4,0,10.2849615734348,0
F,7.11517395982783,2,54.7,43.9,27,0,14.62021233764194,0
M,6.94,0,74.9,40.1,4,0,11.635888584484405,0
F,4.16517395982783,2,58.5,31.2,15,0,11.96349561582694,0
M,7.06,1,56.0,45.4,3,0,9.660545962088346,0
F,7.20517395982783,0,68.1,39.3,32,0,9.656240569292004,0
F,1.31517395982783,0,59.8,36.7,19,0,4.054376734194736,0
M,4.72,1,95.5,43.3,5,0,13.034756266559857,0
M,6.54,1,49.3,24.9,12,0,10.394114202950975,0
M,4.07,2,76.9,32.7,10,0,16.09314909759787,1
M,0.15,0,79.9,21.0,2,0,8.482963722627435,0
M,4.79,0,44.2,31.1,4,0,5.670169813803492,0
F,7.65517395982783,0,47.2,43.4,46,0,8.419464566467632,0
M,9.45,1,74.7,41.7,10,0,9.853655797937956,0
F,0.295173959827833,1,62.2,32.1,17,0,8.404150176053681,0
M,12.03,1,72.6,29.9,7,0,13.41053945941426,0
M,2.68,1,81.7,31.2,13,0,8.621373879152745,0
M,7.89,1,63.5,37.0,9,0,10.6336952661425,0
F,8.86517395982783,0,55.2,44.6,34,0,7.6283400985122904,0
F,8.23517395982783,0,35.2,42.2,33,0,8.413392064625942,0
F,6.14517395982783,2,70.5,34.3,38,0,13.354801544434789,0
F,2.87517395982783,0,56.9,33.3,13,0,5.48184996510275,0
M,7.07,2,71.8,39.7,1,0,15.592661133332843,1
M,3.71,1,70.8,32.9,4,0,10.155653811276078,0
F,0.275173959827833,0,51.4,29.5,24,0,5.741102630523125,0
M,12.57,0,88.7,33.5,5,0,13.570230874007851,0
M,7.27,0,81.0,39.9,5,0,11.979796214885488,0
F,10.3251739598278,0,78.2,45.2,40,0,10.3275756214141,0
M,3.22,1,53.8,36.5,5,0,7.984114776658595,0
M,9.17,1,63.1,33.3,11,0,12.554282366239004,0
F,9.74517395982783,1,61.4,30.8,29,0,13.65558056245636,0
M,9.39,1,63.0,36.9,8,0,13.458146716907422,0
M,5.45,0,54.5,35.5,8,0,4.371223855533268,0
M,2.49,0,73.2,36.5,4,0,6.549979563255749,0
F,5.33517395982783,2,70.8,35.4,16,0,16.080043640191725,0
M,0.0,0,72.4,47.0,7,0,10.102948075067841,0
M,1.24,1,61.9,33.2,1,0,12.70668922256334,0
M,5.73,1,83.5,31.8,2,0,11.00351329888236,0
M,3.02,1,70.3,43.5,2,0,9.856233276901648,0
F,5.36517395982783,0,35.1,48.1,20,0,2.2127029762399086,0
M,5.23,1,60.3,30.8,8,0,9.654585972073027,0
M,10.33,1,67.3,45.3,3,0,14.50721000718068,0
M,8.74,2,79.6,33.8,1,0,20.35370724177647,1
F,5.66517395982783,0,64.4,41.5,17,0,5.882419304426699,0
F,8.79517395982783,0,65.0,38.5,75,0,7.639294099778322,0
M,3.55,0,60.0,35.4,4,0,1.68042194052269,0
F,4.93517395982783,2,76.0,38.2,16,0,15.4622551388241,0
M,7.78,0,62.6,39.4,1,0,6.1471711762808745,0
M,2.4,0,60.8,42.3,9,0,4.397121145267853,0
F,5.07517395982783,1,59.1,35.4,29,0,8.92086542357874,0
F,2.47517395982783,2,74.7,28.3,10,0,14.278061871408802,0
M,5.79,1,61.6,41.0,7,0,7.691543217286738,0
M,9.58,0,47.9,33.8,11,0,5.208909509218019,0
F,3.89517395982783,1,75.5,40.1,26,0,15.491081203970511,0
F,6.33517395982783,0,59.6,29.8,32,0,4.764741817365854,0
F,3.53517395982783,0,72.3,49.6,35,0,4.635015823004636,0
M,2.63,2,72.5,32.8,5,0,18.06382705664263,1
M,2.41,1,82.4,37.1,2,0,16.783134338480814,1
F,9.41517395982783,0,80.5,26.8,27,0,7.999453722263233,0
F,11.6851739598278,2,61.1,34.9,9,0,17.38308906633784,1
M,6.71,2,66.0,35.8,3,0,16.65811110188102,1
F,3.98517395982783,2,52.5,36.8,14,0,17.1249822687251,1
F,7.53517395982783,0,88.1,33.0,19,0,7.96087282305744,0
F,4.93517395982783,0,73.3,36.8,41,0,7.108031288029696,0
M,7.5,1,84.7,31.1,9,0,15.23367515212349,1
F,6.50517395982783,1,64.2,40.8,24,0,12.616119128847151,0
M,6.2,2,43.4,37.5,9,0,13.385687857539802,0
M,7.02,2,86.4,41.0,5,0,17.29035407096792,1
F,4.32517395982783,2,69.1,45.5,19,0,12.24979536317395,0
F,4.76517395982783,0,69.6,37.6,25,0,6.778239491964585,0
M,1.2,1,68.7,36.0,3,0,8.87622501998209,0
F,4.67517395982783,0,75.7,36.7,22,0,8.100926759166427,0
F,2.21517395982783,1,74.4,38.9,25,0,9.204932542275884,0
F,5.41517395982783,0,48.9,37.0,13,0,7.0736640250041924,0
F,3.38517395982783,0,81.0,32.2,7,0,9.388018615553573,0
M,5.75,0,61.7,44.4,11,0,7.504858655336933,0
F,6.90517395982783,0,62.4,36.7,2,0,8.524099796712322,0
F,2.22517395982783,0,88.7,44.3,32,0,7.42789767506965,0
M,3.47,1,79.0,37.5,8,0,11.265168786182828,0
M,3.14,0,63.9,34.1,5,0,4.599883932914306,0
F,7.64517395982783,0,45.7,37.4,24,0,7.654575503260531,0
F,10.0451739598278,1,69.9,36.7,19,0,13.72101378308692,0
M,7.63,1,74.5,35.6,6,0,17.21633661786119,1
F,4.90517395982783,1,67.0,35.9,10,0,14.2892967848644,0
M,9.16,1,53.0,31.6,5,0,13.061693105113003,0
F,1.98517395982783,1,58.5,40.2,26,0,7.56147256052438,0
M,9.25,1,52.9,28.8,7,0,10.103177056033164,0
M,3.86,1,70.6,37.9,4,0,13.25428590617773,0
M,0.0,0,77.8,29.9,4,0,5.971498450294278,0
M,12.13,0,80.3,32.9,7,0,12.646286806783221,0
F,9.72517395982783,1,59.2,39.2,12,0,9.51741500596553,0
F,3.19517395982783,0,70.8,39.4,17,0,8.408463943030277,0
M,5.92,1,74.6,34.5,8,0,13.090840676428726,0
M,4.96,0,61.9,37.3,7,0,4.592138631171045,0
F,6.03517395982783,1,66.2,34.7,15,0,10.708537365014017,0
F,2.06517395982783,2,93.5,22.5,17,0,16.105021388626955,0
M,3.8,1,70.5,37.8,2,0,10.939933596712487,0
M,6.67,1,78.6,35.3,4,0,12.252657628392889,0
M,6.06,0,62.8,23.4,6,0,7.219023463868078,0
F,8.77517395982783,2,68.5,32.9,16,0,16.67863222350015,1
F,5.97517395982783,1,47.4,36.4,11,0,10.610712004118852,0
M,11.37,1,67.7,33.8,2,0,17.366983945986313,1
M,3.71,2,82.3,30.3,6,0,10.482683118137405,0
M,6.15,1,93.2,34.3,5,0,13.125299470980632,0
M,0.71,2,82.4,40.9,7,0,14.476024842744895,0
M,2.37,1,76.2,39.8,3,0,11.110987979374201,0
M,8.82,2,68.6,36.3,6,0,16.46817083735742,1
M,3.14,1,60.8,38.0,3,0,6.312556435042835,0
F,7.10517395982783,1,66.1,31.1,12,0,12.835577947342133,0
M,5.35,2,75.4,26.1,3,0,19.407700428328372,1
F,3.16517395982783,0,58.6,40.8,6,0,2.6168641700816395,0
M,4.63,1,79.2,36.2,9,0,13.586656027396376,0
M,4.21,1,56.2,38.7,9,0,9.381949553754215,0
M,4.28,0,46.6,30.8,5,0,5.2793513083423065,0
F,7.65517395982783,1,55.9,31.2,18,0,9.634789958506017,0
F,7.40517395982783,1,48.0,23.3,6,0,10.393674635202164,0
F,4.33517395982783,2,51.5,41.6,8,0,16.372676169311834,0
F,3.50517395982783,1,81.6,35.2,40,0,12.629897463889328,0
M,6.21,1,65.6,37.4,2,0,15.161623210819887,1
M,5.25,2,70.6,32.7,6,0,17.92182377795539,1
F,8.34517395982783,1,81.9,36.7,21,0,14.783760337773069,0
M,12.14,2,83.1,41.0,14,0,23.374869052335583,1
M,7.61,1,61.9,41.7,6,0,13.015986317476598,0
F,5.68517395982783,0,83.9,25.9,49,0,10.371563333508034,0
M,5.07,0,72.6,31.8,8,0,7.023858092930583,0
M,3.36,0,68.0,43.8,6,0,6.57309163171841,0
F,3.50517395982783,1,73.3,34.4,49,0,9.488739333313362,0
F,3.26517395982783,0,50.9,35.7,26,0,7.174754849103621,0
M,4.51,2,58.6,33.9,1,0,12.000392753770267,0
M,4.43,2,66.7,47.4,6,0,16.448700684835323,1
F,7.63517395982783,0,75.3,37.0,13,0,8.707284864903595,0
M,4.5,0,63.5,32.1,9,0,9.037494186934639,0
M,5.01,0,66.5,35.4,4,0,8.66173797746252,0
M,2.45,2,79.6,36.3,1,0,18.438292315293605,1
F,9.88517395982783,0,84.9,42.1,22,0,12.347136362191208,0
F,7.04517395982783,1,77.2,32.7,25,0,9.782506468607433,0
M,9.97,0,83.2,30.5,6,0,10.6750936542036,0
F,7.76517395982783,0,63.1,35.2,50,0,5.955572594724283,0
F,9.49517395982783,0,64.3,46.9,28,0,8.212027295181368,0
M,4.88,1,71.8,24.6,9,0,14.488456866553445,0
F,7.56517395982783,0,64.4,35.7,24,0,9.565654601709308,0
M,12.26,2,61.9,30.2,5,0,17.065139142842508,1
F,2.71517395982783,1,87.8,45.3,15,0,9.476152247033118,0
M,8.44,0,65.6,41.5,6,0,8.87756418575252,0
F,10.0151739598278,0,56.4,26.0,20,0,6.522466681151644,0
M,6.55,1,73.8,33.0,8,0,11.09871944520684,0
F,7.68517395982783,1,90.0,35.5,17,0,14.766605923016403,0
M,8.7,0,69.0,33.0,3,0,11.490624072213393,0
F,4.09517395982783,0,82.8,44.1,18,0,9.061109924362794,0
F,6.81517395982783,1,62.7,40.8,20,0,7.214007962717715,0
F,3.55517395982783,2,62.1,45.8,12,0,14.733320437974434,0
M,3.77,1,59.7,44.1,12,0,10.208067146465156,0
M,3.92,2,66.3,38.0,4,0,15.428780570745387,1
F,5.40517395982783,1,90.0,34.4,24,0,16.23500634321633,0
M,5.87,1,54.1,39.2,8,0,6.595523446390516,0
M,6.66,1,87.6,40.1,4,0,12.279793149617788,0
M,1.87,1,55.9,29.6,5,0,10.02981264558671,0
F,10.8451739598278,1,65.2,37.4,11,0,10.823398181006016,0
F,8.73517395982783,1,78.0,22.4,27,0,16.779485076020933,1
F,7.63517395982783,0,75.6,28.1,8,0,9.84630020531523,0
F,4.85517395982783,0,71.4,39.8,7,0,9.118754951600724,0
F,5.54517395982783,2,48.2,32.8,33,0,13.004699656870326,0
M,6.9,1,72.3,35.7,7,0,14.13852737993242,0
F,6.82517395982783,2,55.7,41.7,34,0,17.448530091891993,1
F,1.47517395982783,2,98.8,34.7,52,0,16.119343020188253,0
M,7.4,1,65.4,35.9,4,0,12.746801785397395,0
M,12.97,0,70.3,34.0,3,0,11.946686478563452,0
F,1.04517395982783,1,54.2,39.9,27,0,6.589896450435151,0
M,8.05,1,62.3,28.4,6,0,12.090942639519294,0
F,6.72517395982783,0,52.5,31.5,40,0,6.732541915009198,0
M,5.21,2,79.8,37.8,5,0,16.957787728706993,1
F,9.29517395982783,1,64.9,30.2,32,0,15.190235473734504,0
M,2.47,0,74.8,25.0,4,0,4.353927836043182,0
M,5.92,0,59.8,29.4,4,0,6.895981939360845,0
M,9.25,0,62.0,30.1,11,0,11.927911095317945,0
F,5.26517395982783,1,83.5,43.1,25,0,10.990410522288787,0
M,4.43,2,56.3,32.5,10,0,12.51149996541936,0
M,5.79,0,46.4,40.0,9,0,6.547612383662388,0
F,4.63517395982783,0,72.9,40.0,34,0,9.109357360884555,0
F,9.74517395982783,1,54.3,36.6,43,0,12.696439091035234,0
F,3.44517395982783,1,62.7,41.6,24,0,12.769508160787895,0
M,7.74,1,78.9,44.9,6,0,15.106587965133054,1
M,2.28,2,58.2,45.3,5,0,14.897640133780126,0
F,7.49517395982783,2,78.5,42.0,27,0,18.350819982562104,1
M,5.23,2,59.8,39.8,8,0,19.45630620069217,1
F,0.275173959827833,1,85.9,43.5,35,0,9.740263602181829,0
M,5.48,0,83.9,37.6,8,0,4.6059554158669735,0
M,2.76,0,62.3,21.0,14,0,8.949508723034283,0
M,4.36,1,65.4,41.8,6,0,9.84260113808635,0
F,9.72517395982783,2,58.0,34.6,32,0,17.138347868599983,1
F,2.90517395982783,0,70.4,32.1,26,0,8.99968834963497,0
M,2.78,1,81.8,50.8,8,0,7.911480917882149,0
F,9.47517395982783,1,50.6,36.9,22,0,9.776292551701635,0
F,6.07517395982783,1,79.0,38.7,41,0,9.36503110567621,0
M,9.46,0,52.1,37.7,4,0,6.7887274199491525,0
M,6.33,0,57.7,36.4,5,0,8.083273212033987,0
M,3.23,0,46.5,39.2,14,0,5.918375685625542,0
M,5.33,0,93.3,39.4,2,0,9.748548358657109,0
M,8.66,1,68.7,35.8,2,0,10.313468232215268,0
M,7.92,1,70.9,32.8,5,0,8.302793126734713,0
M,5.5,1,59.9,37.2,7,0,11.051707170780766,0
M,5.63,1,80.8,26.8,10,0,11.527447932723328,0
M,5.21,2,42.8,23.7,4,0,14.519771543433224,0
F,4.28517395982783,0,68.3,28.6,23,0,8.327494232356456,0
F,10.7351739598278,2,94.5,23.2,31,0,20.259069844031263,1
M,5.52,1,63.4,43.2,7,0,12.718266170751708,0
F,2.86517395982783,1,68.2,39.0,26,0,10.665009728144051,0
M,4.27,2,76.1,32.3,12,0,16.522129411202933,1
M,7.37,1,58.3,39.3,10,0,10.356653474260238,0
F,7.42517395982783,1,68.3,44.0,17,0,12.134364152250999,0
M,5.15,1,79.5,44.3,2,0,12.533552193313914,0
F,4.05517395982783,0,70.3,37.3,10,0,8.589643930748753,0
M,5.56,1,72.5,42.3,5,0,11.067517655550857,0
F,1.47517395982783,0,63.8,35.0,26,0,6.24592149137814,0
M,2.15,0,71.8,31.7,9,0,5.569322416169243,0
M,7.55,1,68.7,36.9,5,0,12.34891566534374,0
M,4.27,2,85.5,28.0,2,0,17.779038084048146,1
F,6.73517395982783,2,76.7,37.7,28,0,12.750466237805604,0
M,8.63,0,65.1,34.4,8,0,6.279055343850478,0
M,7.17,0,38.6,41.3,1,0,3.3226292051143593,0
M,5.55,1,76.6,35.2,5,0,7.469767760303391,0
M,10.97,1,77.1,21.0,5,0,13.525471119689646,0
F,7.49517395982783,1,57.0,37.8,55,0,13.236454779369396,0
F,4.86517395982783,1,44.0,30.5,31,0,8.942818847148766,0
M,7.38,1,54.3,21.5,4,0,11.886580163883703,0
M,6.55,1,79.1,30.2,7,0,14.990434993421587,0
F,3.57517395982783,1,55.2,38.2,16,0,12.306959244449299,0
M,5.69,1,62.5,43.0,9,0,11.081724130547721,0
F,5.35517395982783,1,70.6,43.7,6,0,14.32675875905271,0
M,0.45,2,82.7,36.2,4,0,14.198253316868218,0
M,5.06,2,67.8,35.8,6,0,13.601203552345076,0
F,5.04517395982783,2,66.8,39.0,15,0,14.009786275516444,0
M,4.37,2,61.4,27.1,4,0,11.521926974869968,0
F,1.54517395982783,0,87.6,35.7,17,0,5.1283192724466105,0
M,4.59,1,80.8,35.9,10,0,11.234966623851141,0
M,5.4,1,66.9,21.3,3,0,12.990170038757205,0
F,6.03517395982783,0,51.2,41.1,15,0,10.043126642245884,0
M,2.58,1,58.5,37.1,4,0,6.620636969245922,0
M,7.13,0,75.0,42.1,5,0,9.60065493651984,0
M,2.38,0,59.3,30.1,2,0,3.2599121216849305,0
F,5.19517395982783,1,78.7,40.2,22,0,13.05598115684032,0
M,8.85,0,72.3,41.5,5,0,9.223826698624547,0
M,3.72,1,71.5,30.7,6,0,7.203188348304941,0
M,4.19,0,75.8,35.9,5,0,9.25759398313697,0
F,8.53517395982783,2,74.0,30.4,12,0,16.23758555429645,0
M,4.51,0,57.7,34.2,7,0,5.226199523252891,0
M,4.74,1,64.1,35.6,3,0,8.71749517742062,0
M,6.07,2,96.1,44.2,10,0,16.45343344662489,1
F,8.47517395982783,1,53.5,44.4,14,0,12.83836786130375,0
M,0.0,0,62.3,40.3,4,0,3.9825113181271896,0
F,3.64517395982783,0,80.8,41.5,12,0,8.135910984478878,0
F,3.18517395982783,1,66.1,38.6,24,0,10.943430687771603,0
M,2.71,0,58.3,30.9,2,0,8.077323311056334,0
F,3.58517395982783,0,52.1,39.4,33,0,4.754014678185157,0
M,3.35,1,74.4,21.0,5,0,7.929284366308537,0
M,6.27,1,80.2,40.4,4,0,14.883444833143967,0
M,3.22,0,84.8,39.6,5,0,6.883023655805491,0
M,5.81,1,68.6,36.0,4,0,13.936184889154754,0
M,6.53,1,80.5,31.7,7,0,13.666754226364944,0
M,3.63,0,55.6,44.6,10,0,5.444724939593311,0
M,5.83,0,70.0,24.3,5,0,8.51255178809259,0
M,9.69,0,59.9,30.3,2,0,12.9400251202526,0
M,6.33,2,70.1,26.2,3,0,20.225961058107504,1
M,3.87,0,77.0,37.2,4,0,7.463762270265558,0
F,5.60517395982783,0,80.8,38.0,37,0,8.778968166548067,0
M,3.16,0,56.1,32.2,3,0,7.659480314932772,0
F,6.46517395982783,1,83.2,32.2,14,0,11.365264914379223,0
M,7.71,2,62.3,47.7,4,0,16.882140745236512,1
F,3.68517395982783,0,55.7,40.5,24,0,5.689861284006202,0
M,4.97,2,66.0,35.1,6,0,15.732816422915107,1
M,8.34,1,50.4,33.6,5,0,10.031262388101188,0
M,4.23,0,68.1,38.4,9,0,3.7028650133820626,0
F,6.25517395982783,2,71.5,36.8,45,0,11.986620107931333,0
M,2.88,0,65.6,30.6,11,0,3.7972317740207844,0
F,3.68517395982783,1,74.4,43.4,30,0,10.13323641003525,0
M,4.19,0,64.2,28.5,9,0,6.002616826702477,0
M,10.94,1,68.0,38.2,4,0,18.104462324859036,1
F,4.75517395982783,1,50.7,33.5,16,0,12.13857371972851,0
M,4.18,2,68.5,32.1,12,0,12.960817767316748,0
F,4.36517395982783,2,57.8,32.0,50,0,14.924003884815827,0
F,5.36517395982783,1,62.6,31.3,44,0,10.250430507213265,0
M,7.14,0,66.9,40.9,3,0,7.68427232391981,0
M,5.97,1,70.3,37.0,4,0,12.276651298830762,0
M,10.64,1,48.2,35.7,3,0,13.932342233950788,0
M,6.03,2,49.2,35.4,8,0,13.78048303223197,0
M,9.12,1,64.4,34.5,8,0,15.195703065468717,1
M,6.19,1,73.7,37.4,9,0,9.970123547715193,0
F,7.28517395982783,1,72.3,42.9,30,0,12.716265104638452,0
F,2.16517395982783,1,78.7,36.4,16,0,15.786934433105579,0
F,5.45517395982783,0,83.6,33.3,25,0,9.025746465164467,0
F,5.60517395982783,2,74.0,29.0,12,0,18.84901599312626,1
F,5.16517395982783,1,67.8,51.9,32,0,11.51162733626033,0
M,0.12,1,55.6,32.6,2,0,9.113554190659594,0
F,7.97517395982783,1,56.6,37.2,29,0,11.836020591128534,0
F,4.80517395982783,1,62.4,32.8,51,0,10.429771817585506,0
F,4.67517395982783,0,71.2,33.8,20,0,5.7626221864630764,0
M,4.86,1,70.6,23.3,6,0,12.232602717915107,0
M,4.93,0,68.1,35.5,9,0,5.528925621628464,0
M,6.52,0,66.2,32.2,4,0,9.225170472626859,0
F,2.59517395982783,1,75.6,43.6,6,0,12.760160988805733,0
F,3.44517395982783,2,70.5,34.8,35,0,15.390649794388375,0
M,6.23,0,71.6,26.7,12,0,7.554502532888617,0
M,5.86,1,71.7,39.7,6,0,12.856931158617394,0
M,4.56,2,61.4,32.7,1,0,13.960653888907174,0
F,4.34517395982783,2,55.6,30.1,27,0,15.935681230844214,0
M,3.41,2,73.9,24.5,10,0,11.215187831569754,0
F,5.62517395982783,1,73.0,36.0,38,0,11.251372243676624,0
M,8.45,1,65.4,34.6,9,0,8.821376009752004,0
F,3.12517395982783,1,63.0,46.4,13,0,6.982465319459505,0
F,9.58517395982783,1,95.3,44.1,14,0,18.191311439541735,1
M,7.61,1,58.9,31.0,3,0,13.718369963943372,0
M,4.37,1,65.4,24.8,7,0,9.32403953343042,0
M,7.46,0,71.2,36.9,6,0,5.7089930879182065,0
M,1.84,0,54.1,28.7,3,0,-1.2220576756833017,0
M,1.17,1,69.4,39.3,1,0,8.356008984134732,0
F,2.55517395982783,1,89.6,44.5,38,0,16.390417004408718,0
M,4.48,1,79.2,29.6,7,0,12.653768542927295,0
F,4.96517395982783,0,75.6,32.5,39,0,6.6554424078149355,0
F,4.48517395982783,2,75.1,27.9,21,0,16.429747398914525,0
M,5.75,0,69.3,40.9,7,0,4.604083294011114,0
M,0.16,2,79.5,37.6,12,0,13.05035327460473,0
F,7.01517395982783,1,66.1,34.3,26,0,12.333541925945394,0
M,1.95,1,62.9,35.7,9,0,9.205798696357903,0
M,3.85,1,69.2,30.5,4,0,12.350612243380162,0
F,4.74517395982783,2,78.9,34.0,18,0,16.58487743238602,0
F,2.88517395982783,0,72.0,36.6,17,0,7.8192390161299095,0
M,2.07,0,76.1,40.4,6,0,4.985255435538481,0
F,3.25517395982783,1,43.7,42.0,12,0,10.48221779673501,0
M,5.47,0,82.3,38.0,10,0,11.753873895247983,0
F,7.24517395982783,1,96.1,33.2,27,0,12.40928794061109,0
M,6.91,1,84.0,32.8,6,0,11.559608688570881,0
F,3.28517395982783,0,64.2,31.9,31,0,8.808155652554381,0
M,3.52,2,57.8,38.5,5,0,13.42331202660988,0
M,3.2,1,71.3,28.8,6,0,13.398642784133115,0
M,6.62,0,56.2,27.3,6,0,6.358928576215633,0
F,0.685173959827833,1,76.7,30.0,34,0,12.62167813245534,0
M,8.6,1,61.7,34.4,7,0,12.881971633610906,0
F,4.56517395982783,1,79.5,40.9,16,0,12.364044626559307,0
F,3.81517395982783,1,84.3,39.0,9,0,14.938023023253724,0
F,6.62517395982783,2,43.6,41.9,57,0,13.641046025025574,0
F,8.35517395982783,0,71.5,28.8,21,0,7.3003427880639995,0
F,6.63517395982783,2,59.6,33.6,15,0,14.592458563857207,0
M,8.13,1,51.1,35.4,5,0,12.546667901286279,0
M,5.84,0,60.6,37.6,8,0,4.030481855638972,0
F,8.84517395982783,1,65.4,44.2,37,0,14.27552878521616,0
F,8.88517395982783,1,80.4,38.9,40,0,12.99304434467843,0
F,5.52517395982783,2,49.7,43.6,17,0,16.537212301381043,0
M,9.1,1,80.6,35.4,2,0,9.403479390199056,0
M,5.91,0,92.2,42.4,5,0,7.835868449791663,0
M,5.72,1,75.2,27.3,6,0,8.751063697531796,0
M,3.2,1,74.6,38.4,7,0,9.169541067272094,0
M,4.78,2,67.8,36.4,1,0,15.631331802217888,1
M,7.44,0,53.9,43.1,6,0,7.13454674910049,0
M,2.22,2,74.4,35.7,4,0,13.81124486210397,0
F,7.39517395982783,2,72.6,42.3,14,0,16.461217237153793,0
F,6.64517395982783,0,76.8,40.9,21,0,9.105363461153804,0
F,6.46517395982783,1,98.8,32.8,20,0,12.1315148960277,0
M,0.0,0,76.7,36.9,6,0,6.782699281798102,0
F,5.51517395982783,1,73.1,35.8,26,0,13.199918920684881,0
F,7.39517395982783,0,86.7,38.4,37,0,10.536662855226117,0
M,3.59,2,51.9,45.6,10,0,14.541066885502527,0
F,6.00517395982783,0,54.3,50.6,20,0,7.3964229815312335,0
F,0.275173959827833,1,63.5,41.0,9,0,12.652733585376051,0
F,7.45517395982783,1,60.1,35.9,31,0,11.760398637808898,0
F,4.11517395982783,0,76.3,37.6,23,0,6.784420543244762,0
M,7.68,0,64.2,39.8,3,0,6.826944839285244,0
F,1.16517395982783,2,88.9,39.1,12,0,12.741061638758241,0
F,7.50517395982783,0,86.2,35.3,16,0,7.297643404711764,0
F,5.18517395982783,0,77.2,40.9,47,0,6.218992353452079,0
M,7.52,0,63.4,38.7,8,0,8.056639236695858,0
F,3.46517395982783,1,75.4,43.1,46,0,11.679177236909345,0
M,3.95,1,77.7,32.7,6,0,11.516284117104325,0
F,11.3851739598278,0,55.2,51.3,29,0,8.025516425054475,0
F,3.70517395982783,1,72.2,45.7,19,0,12.706956107953841,0
M,3.73,1,76.5,35.8,7,0,12.698825344601897,0
F,5.08517395982783,1,70.6,38.4,40,0,11.16529036506988,0
M,2.94,1,86.9,25.1,3,0,10.247167710670578,0
F,8.75517395982783,0,82.6,32.8,16,0,11.256442821573513,0
F,10.0851739598278,0,58.1,29.3,39,0,9.485534154886109,0
M,3.74,1,69.5,29.9,3,0,7.838745481169904,0
F,1.45517395982783,1,58.0,42.5,10,0,8.651626467945105,0
M,8.43,1,75.0,38.9,9,0,13.989071624148762,0
M,8.27,2,57.6,24.3,5,0,14.367610427024495,0
M,7.55,0,79.1,35.6,10,0,9.691686785674886,0
F,8.66517395982783,2,72.7,43.9,22,0,14.51194200939834,0
M,3.33,1,79.7,35.1,4,0,13.916372200024341,0
M,5.08,2,66.3,37.3,4,0,17.676899970118864,1
M,2.04,2,50.5,24.8,2,0,12.04996533139407,0
F,2.22517395982783,0,89.2,45.5,22,0,8.083495655592062,0
M,7.95,2,65.9,22.8,2,0,11.768156068400252,0
M,3.82,1,84.5,41.7,6,0,9.512304679469334,0
F,11.4751739598278,1,73.2,38.5,53,0,14.27402913960964,0
F,5.96517395982783,2,76.1,36.7,30,0,14.165320937060198,0
F,4.17517395982783,1,90.0,36.1,10,0,13.816379945175234,0
M,7.49,1,72.1,35.7,4,0,16.78659306149599,1
M,10.0,0,84.8,37.5,6,0,8.582770561141396,0
M,6.72,1,50.2,44.7,6,0,9.199073191829616,0
M,2.46,0,78.5,36.0,4,0,7.1958967366198605,0
M,6.43,1,65.1,23.2,3,0,14.994232296999241,0
M,8.94,1,66.4,33.1,5,0,10.673251374920191,0
M,4.27,2,68.1,39.9,4,0,15.400072244613884,1
M,3.57,1,72.2,32.4,6,0,14.481597701626217,0
M,8.04,1,87.9,33.2,5,0,10.869481703641467,0
F,6.12517395982783,0,45.8,41.6,39,0,3.7064485662222504,0
M,2.74,0,68.5,31.4,5,0,5.317786787078324,0
F,4.82517395982783,2,59.4,24.2,51,0,13.529410154203093,0
M,3.61,0,82.0,43.8,5,0,9.17020257550729,0
M,6.24,2,62.9,42.5,7,0,16.00631943964168,1
F,6.04517395982783,1,73.5,26.1,24,0,8.61766286062966,0
M,8.38,1,63.2,24.1,6,0,13.644820805801622,0
M,7.27,1,76.0,46.4,9,0,11.799922225288698,0
F,1.86517395982783,1,80.2,21.7,8,0,13.095481413796392,0
F,6.79517395982783,1,63.2,33.9,20,0,10.566411907040075,0
F,8.01517395982783,1,68.6,35.8,24,0,11.536356413709445,0
F,6.91517395982783,1,51.0,43.7,20,0,12.109850201522978,0
F,8.35517395982783,0,71.7,36.8,22,0,10.72243994458779,0
F,4.40517395982783,0,78.3,39.7,26,0,8.579785707786323,0
M,3.12,1,61.3,30.4,4,0,6.479805365230384,0
F,8.10517395982783,0,81.4,35.8,19,0,10.826655859770417,0
M,2.84,1,43.1,47.2,9,0,6.368383896651203,0
M,0.1,1,45.8,27.1,3,0,7.726552223176527,0
M,8.06,1,51.3,41.6,12,0,8.773531129201881,0
F,3.96517395982783,0,62.2,33.6,12,0,7.229231275000043,0
F,5.00517395982783,1,68.2,29.9,24,0,9.66338917129917,0
M,2.01,1,67.1,31.6,8,0,7.1367306994789566,0
F,2.46517395982783,0,67.2,38.0,20,0,7.364227252878715,0
F,2.88517395982783,2,76.7,36.3,13,0,15.294876023267419,0
M,4.6,1,62.3,34.1,7,0,9.433046397214207,0
M,6.42,0,52.8,40.3,4,0,9.80835769804213,0
F,0.275173959827833,1,53.1,30.2,22,0,6.973282136774433,0
F,7.65517395982783,1,93.4,33.2,42,0,14.429802327855787,0
M,2.55,1,39.8,30.6,2,0,8.598826895357202,0
F,3.10517395982783,1,65.9,30.1,20,0,8.926255111656687,0
M,7.19,2,85.5,36.9,5,0,18.52227258679986,1
F,5.58517395982783,1,73.8,31.4,14,0,10.891682285584467,0
M,1.66,1,58.0,36.8,5,0,8.066723355567582,0
F,10.3851739598278,2,68.0,44.0,38,0,20.677872259520583,1
M,3.35,1,78.4,42.1,5,0,9.081827894975135,0
F,6.39517395982783,0,82.5,38.8,21,0,4.147026318054935,0
M,6.0,0,57.2,43.2,8,0,10.22587399002379,0
M,9.03,1,77.1,46.3,8,0,19.01065590521401,1
F,4.63517395982783,2,71.0,39.7,18,0,14.477048449015253,0
F,8.29517395982783,1,81.3,30.8,36,0,9.964910898673544,0
M,3.65,0,84.7,36.8,7,0,7.133032047608114,0
M,8.31,2,63.9,37.5,5,0,16.055554100318663,1
F,3.86517395982783,1,50.6,33.1,58,0,9.0947392978694,0
M,4.59,0,72.8,31.6,1,0,5.1642239161563035,0
M,10.24,1,89.3,30.4,3,0,16.530122284952956,1
M,6.29,0,76.2,27.1,13,0,9.528014750572174,0
F,6.04517395982783,0,70.8,43.8,17,0,4.989775740275302,0
M,11.11,1,96.8,33.6,5,0,17.729393463389776,1
M,6.4,1,55.5,35.9,11,0,15.190369963891783,1
M,3.46,2,78.8,35.1,10,0,15.58992066487412,1
F,7.61517395982783,0,61.2,32.4,33,0,7.4169366557769045,0
M,2.55,2,68.6,38.4,7,0,13.79299357118496,0
M,8.32,1,69.1,26.9,5,0,14.227513533937122,0
F,8.78517395982783,0,86.2,32.8,27,0,6.965243768899479,0
F,4.34517395982783,1,56.8,40.5,29,0,10.47736838586852,0
M,3.93,1,61.6,45.4,5,0,9.49607210107438,0
M,5.94,0,48.9,36.8,8,0,10.088650025912091,0
F,5.81517395982783,0,73.8,43.6,15,0,7.725241512304001,0
M,3.06,2,62.5,41.6,4,0,17.240775222239037,1
F,7.19517395982783,0,73.1,43.9,30,0,6.507105584349899,0
M,0.4,1,55.1,37.1,5,0,9.231518333605585,0
M,4.42,1,63.7,29.7,10,0,11.307800527582458,0
F,4.76517395982783,2,80.5,37.8,15,0,14.27949248418435,0
F,5.09517395982783,1,65.9,32.8,8,0,11.515379209187797,0
F,6.54517395982783,1,75.5,38.7,37,0,14.982624653577115,0
F,2.70517395982783,2,74.3,39.6,16,0,13.906003571340715,0
F,7.24517395982783,1,63.8,35.2,23,0,8.70466168157439,0
F,5.32517395982783,1,49.3,35.1,17,0,10.078461326959022,0
F,4.14517395982783,0,79.8,41.1,19,0,5.85374079032889,0
F,2.35517395982783,1,70.0,48.3,14,0,9.39290510258615,0
M,2.54,1,79.8,33.0,11,0,10.692824460629758,0
F,6.67517395982783,2,43.8,26.5,14,0,10.992282547882882,0
M,3.09,1,48.1,21.0,6,0,5.680683321358645,0
M,5.66,0,42.3,36.3,3,0,6.755133671051051,0
F,8.42517395982783,1,57.5,36.8,32,0,11.192149587574555,0
M,8.08,2,80.5,34.6,3,1,12.545511316358866,0
M,9.4,0,74.8,42.3,9,0,11.50568807321627,0
F,5.03517395982783,0,67.6,27.0,15,0,7.794326490462395,0
F,3.06517395982783,0,69.6,36.9,18,0,4.9768373318409465,0
M,8.05,2,77.1,24.5,4,0,14.788339577883518,0
M,6.27,0,64.4,34.5,11,0,9.314615792628675,0
M,8.31,0,72.8,33.2,4,0,9.94970124512086,0
F,5.80517395982783,0,69.7,34.7,25,0,12.546791545282062,0
M,8.49,2,41.8,27.4,6,0,16.011377197449875,1
M,7.62,1,63.4,26.2,6,0,13.02340628252403,0
M,7.29,1,84.3,27.9,3,0,13.212144139782868,0
F,7.03517395982783,1,63.2,48.7,30,0,13.575138714315496,0
M,6.49,1,66.3,40.9,5,0,13.136170402496306,0
F,6.35517395982783,1,60.7,39.8,24,0,13.930036997044306,0
M,6.06,1,62.2,40.9,4,0,10.34135416272543,0
F,8.25517395982783,1,81.5,30.1,8,0,12.96177203402599,0
F,4.49517395982783,0,64.8,45.9,6,0,5.825380638089955,0
M,9.84,0,55.7,26.4,7,0,10.40060344235798,0
M,5.23,1,30.7,34.0,7,0,11.760748880593464,0
M,7.96,0,61.1,37.8,3,0,7.339319013701399,0
M,5.27,0,44.4,37.0,5,0,4.893452544413818,0
F,5.15517395982783,2,46.1,27.3,70,0,14.432741427653514,0
F,10.8551739598278,1,77.5,40.7,44,0,14.3610639798881,0
F,5.00517395982783,0,76.5,47.4,20,0,9.761694286193695,0
F,2.58517395982783,1,45.0,38.9,29,0,3.939032398675822,0
F,3.98517395982783,1,78.2,40.9,24,0,9.813176886080127,0
M,4.71,0,73.5,25.9,13,0,5.935167332077109,0
M,10.89,0,58.6,31.4,6,0,4.906287975227711,0
M,6.02,1,76.8,26.4,8,0,10.45872311126239,0
M,7.84,0,48.5,41.1,4,0,5.484687768308148,0
F,3.27517395982783,2,53.5,39.8,18,0,12.980377670876257,0
M,6.38,1,50.7,50.6,12,0,12.964931783320528,0
M,7.18,1,54.7,34.7,11,0,10.928878697618595,0
M,10.0,2,78.5,22.1,3,0,16.433372559457695,1
M,3.76,0,52.0,39.9,3,0,5.406090917572943,0
M,7.01,0,54.2,44.3,5,0,9.397347242882699,0
F,6.53517395982783,2,56.6,35.8,9,0,13.277669347684105,0
M,2.95,1,70.3,43.9,3,0,8.574850232157104,0
M,5.45,0,63.9,36.0,7,0,8.315097918548448,0
F,5.11517395982783,1,78.3,38.4,26,0,11.595514748452315,0
M,0.0,1,59.5,38.2,3,0,9.459969381418947,0
M,7.0,1,52.5,35.6,2,0,11.147706416409408,0
F,7.12517395982783,0,62.0,27.7,15,0,9.30591427609305,0
M,4.4,0,68.4,39.3,10,0,4.91784377191872,0
M,2.15,1,56.8,40.6,11,0,9.026830698423465,0
F,9.47517395982783,0,71.3,40.1,32,0,9.307206951187602,0
F,6.43517395982783,0,89.7,32.5,16,0,7.064805131705654,0
F,8.31517395982783,1,60.9,41.8,26,0,9.293631084176539,0
M,9.03,1,68.4,30.5,4,0,14.674498070549324,0
M,4.2,0,84.1,31.5,5,0,7.285095235564044,0
M,7.53,2,60.1,32.9,5,0,13.927439436705342,0
F,5.17517395982783,1,57.7,34.8,29,0,10.434229106067253,0
M,5.34,2,54.7,33.6,7,0,16.755037714698606,1
M,5.29,1,72.6,36.2,4,0,7.1655243092561545,0
F,5.77517395982783,1,74.0,36.1,36,0,9.074309600107263,0
F,8.55517395982783,1,66.0,35.4,51,0,11.05181409612338,0
F,6.08517395982783,1,68.3,31.8,26,0,14.745944713354573,0
M,5.12,0,83.1,41.7,5,0,8.942173965838593,0
M,4.81,0,78.2,27.2,8,0,9.413634480922456,0
F,6.62517395982783,2,51.0,39.9,49,0,12.602265141661455,0
F,3.53517395982783,0,67.6,35.1,21,0,4.260515229372863,0
F,4.51517395982783,1,69.0,30.4,16,0,11.983214413359336,0
M,5.37,1,76.4,40.5,7,0,12.149548661870895,0
M,4.09,0,65.0,33.8,8,0,7.6924776377282535,0
F,5.47517395982783,1,60.0,33.9,8,0,10.562244998057013,0
F,4.24517395982783,2,62.2,35.6,17,0,15.03287443282317,0
M,10.51,0,46.4,21.0,5,0,8.819238169810218,0
M,8.82,0,67.4,32.6,7,0,10.68353477816985,0
M,6.62,2,60.5,33.4,3,0,17.159016563888944,1
F,5.64517395982783,0,73.3,39.1,16,0,4.713842991130376,0
F,11.2551739598278,0,55.3,37.9,25,0,5.0040498692321895,0
F,6.58517395982783,2,62.4,33.8,18,0,17.66407777521693,1
M,5.28,0,55.9,38.3,4,0,8.928450186523873,0
M,6.26,2,54.8,38.5,5,0,12.924753960973325,0
F,6.53517395982783,2,76.0,38.3,20,0,12.867916166822658,0
M,9.03,2,62.0,35.0,7,0,17.053069642014403,1
F,5.72517395982783,0,72.9,50.1,22,0,9.827263432614973,0
M,10.75,0,54.2,30.1,3,0,12.76418904486863,0
F,3.56517395982783,1,68.7,35.0,14,0,11.62418212411682,0
M,7.24,2,47.3,40.7,6,0,14.18756660682861,0
F,3.27517395982783,0,61.8,21.0,26,0,4.177325736744191,0
M,10.04,0,61.5,30.9,9,0,9.347902583341309,0
M,4.67,0,74.5,27.9,4,0,6.951470592229488,0
M,5.35,0,69.7,31.2,5,0,5.523864188542368,0
F,8.08517395982783,1,65.4,29.7,14,0,16.71809828164049,1
F,8.91517395982783,1,77.6,32.6,25,0,17.45992378405818,1
F,2.99517395982783,1,69.8,43.7,8,0,12.65568434702477,0
F,4.90517395982783,0,74.0,43.9,21,0,5.79088618429566,0
F,2.28517395982783,0,76.7,33.6,42,0,8.221625628508473,0
F,6.11517395982783,0,66.7,37.9,14,0,9.005839798909719,0
M,5.25,0,64.0,31.8,15,0,7.990091248408106,0
F,4.90517395982783,0,71.4,35.9,14,0,9.94991751400147,0
M,3.79,2,62.5,34.3,2,0,15.540742285722555,1
F,4.81517395982783,1,72.1,29.0,30,0,12.934615452522587,0
F,3.90517395982783,0,80.8,37.0,30,0,8.882399546658336,0
F,7.09517395982783,1,77.7,38.7,31,0,13.668169795918129,0
M,9.29,2,62.9,32.3,10,1,13.480777740571636,0
F,0.945173959827833,1,52.1,30.1,41,0,8.286829134735031,0
F,5.48517395982783,1,66.8,37.9,44,0,10.306203062215664,0
M,4.45,1,65.9,32.8,4,0,8.27831808471996,0
F,7.00517395982783,1,80.7,43.3,19,0,16.515220218515562,0
M,3.12,0,62.9,39.4,10,0,9.420990681771407,0
M,5.13,2,64.9,39.8,3,0,17.826441200591226,1
F,3.17517395982783,2,76.3,26.2,18,0,15.439013813625666,0
M,7.24,1,61.7,38.2,8,0,14.640250241905314,0
F,6.02517395982783,2,65.5,37.7,12,0,15.621693341117568,0
F,5.37517395982783,1,88.0,41.2,8,0,13.253181533709474,0
F,6.70517395982783,1,85.3,42.7,11,0,11.13664423898995,0
M,4.88,0,75.0,33.1,3,0,8.483982608997682,0
M,1.62,0,70.7,31.0,4,0,5.879771856848834,0
F,7.26517395982783,0,55.8,29.8,36,0,4.933282746244987,0
M,6.22,2,74.1,33.6,10,0,16.194605776366807,1
M,5.11,2,68.1,34.1,3,0,15.162540872286382,1
F,8.23517395982783,2,70.1,34.2,31,0,20.61970931320319,1
M,8.55,2,61.2,40.0,7,0,18.34742665702682,1
M,2.77,2,67.3,33.3,4,0,14.118890878182933,0
F,3.82517395982783,1,65.2,36.7,32,0,10.97416159951608,0
M,9.37,1,71.2,27.8,6,0,13.757424756208396,0
F,9.32517395982783,0,84.5,42.9,9,0,10.17175901032282,0
F,3.92517395982783,1,71.8,48.3,22,0,8.823732585137341,0
F,2.82517395982783,0,47.6,37.9,24,0,4.442483224700057,0
M,3.91,2,55.8,30.0,7,0,12.368803486694974,0
F,4.52517395982783,2,48.5,44.2,11,0,11.156955902067622,0
M,1.54,0,57.9,45.6,7,0,5.84544362909507,0
M,5.58,1,74.1,29.4,6,0,12.75952931986647,0
F,2.57517395982783,2,72.2,35.5,42,0,10.76817195717776,0
M,2.47,0,60.3,27.4,4,0,5.210630725009746,0
M,7.79,1,70.6,33.2,5,0,14.828402771799848,0
M,3.79,1,58.4,45.6,8,0,12.101447477792643,0
M,5.32,1,50.4,35.6,12,0,12.239673685770478,0
M,7.07,2,50.6,36.8,4,0,15.154826413802919,1
M,7.53,1,57.1,25.5,8,0,10.071909344061698,0
F,4.93517395982783,0,84.4,34.4,19,0,6.208189325197795,0
M,5.61,1,51.4,26.0,4,0,11.092209809500716,0
F,3.71517395982783,1,82.3,43.0,51,0,12.37714704864424,0
M,9.87,0,83.3,35.0,5,0,13.340662223210131,0
M,7.12,0,65.2,32.3,4,0,10.323959300684168,0
M,2.74,1,66.8,37.3,9,0,9.781542686937655,0
F,5.78517395982783,0,60.1,46.3,46,0,4.611175222192177,0
M,7.28,0,67.1,28.4,5,0,7.698786805978204,0
M,6.7,1,75.3,41.3,7,0,13.055462389621049,0
M,10.07,2,67.5,43.1,3,0,17.355833509221192,1
F,9.20517395982783,1,79.3,47.8,32,0,12.997798763758604,0
M,4.15,1,81.6,25.7,4,0,12.292769629939796,0
F,5.55517395982783,1,71.5,32.2,6,0,10.774671497092694,0
F,2.57517395982783,1,71.3,30.5,17,0,9.022454812463167,0
M,6.12,1,66.7,36.5,4,0,12.35190566860688,0
M,5.88,0,71.5,33.3,13,0,7.14101483974159,0
F,12.5351739598278,2,54.0,46.6,30,0,18.535795757870606,1
F,6.01517395982783,0,72.2,23.8,21,0,8.60799502561816,0
F,0.545173959827833,0,69.8,35.2,20,0,2.8797289777307675,0
F,4.09517395982783,1,57.1,32.8,17,0,9.08210473218309,0
F,6.05517395982783,1,93.2,45.0,7,0,16.427140859746842,0
M,2.36,1,55.7,43.7,2,0,6.754840974531426,0
M,3.33,0,57.0,36.4,6,0,1.4216911020589382,0
M,4.59,2,70.7,40.7,12,0,11.520309693514976,0
M,6.35,1,44.2,34.5,13,0,10.32721989315334,0
F,5.36517395982783,2,57.9,37.3,21,0,14.797421535979312,0
F,3.55517395982783,1,49.1,39.7,5,0,8.979365269063672,0
F,7.74517395982783,0,55.8,37.6,39,0,10.206966637770918,0
F,4.42517395982783,0,65.8,35.0,24,0,1.4729181137080394,0
M,4.25,1,71.2,36.9,7,0,11.90086774886165,0
F,2.32517395982783,1,80.6,40.0,14,0,13.927463383521062,0
F,3.80517395982783,1,77.0,30.9,26,0,9.037025450130487,0
M,7.13,0,81.5,47.8,14,0,8.510386976420211,0
F,1.73517395982783,0,74.4,30.3,31,0,4.569803145456674,0
F,5.59517395982783,1,61.7,33.9,14,0,9.327894887758857,0
M,7.29,0,80.7,47.5,3,0,8.641475989953921,0
M,4.56,2,61.5,24.8,5,0,17.43997056736901,1
F,6.37517395982783,0,60.0,35.3,14,0,11.062360330888955,0
M,2.71,2,85.7,37.3,12,0,14.682121549919705,0
F,9.05517395982783,2,76.8,32.1,25,0,21.713707408042854,1
F,8.52517395982783,1,70.0,37.2,9,0,13.233739933883166,0
M,6.09,1,76.4,36.4,4,0,15.900382053402163,1
F,1.38517395982783,1,77.9,49.8,29,0,9.958989680606932,0
F,3.16517395982783,1,51.0,34.9,62,0,9.414702632006204,0
M,7.94,2,66.2,28.6,7,0,17.334948945285667,1
M,9.78,2,53.2,30.4,7,0,22.97170735873507,1
F,6.51517395982783,0,68.8,41.9,38,0,9.776158129603495,0
M,8.62,2,59.3,36.1,7,0,15.046470940097072,0
F,4.25517395982783,0,83.6,34.7,19,0,9.917582720465631,0
M,5.03,0,73.6,40.7,6,0,6.943334925831317,0
F,5.77517395982783,1,57.6,43.5,25,0,9.940086614111499,0
F,6.83517395982783,0,67.1,29.6,17,0,9.931789699698136,0
F,1.95517395982783,1,52.8,41.9,31,0,8.735758155456221,0
M,7.85,1,67.8,38.1,8,0,13.228151829023611,0
F,9.08517395982783,1,73.9,38.6,31,0,13.7435574236445,0
M,2.63,2,70.5,32.5,8,0,14.92316625321087,0
M,2.11,2,44.2,28.6,5,0,12.998931794872298,0
M,6.38,0,63.3,22.4,1,0,3.74706613458917,0
F,4.13517395982783,0,73.4,39.0,15,0,8.538732317132983,0
M,0.0,1,71.0,44.2,1,0,7.0059611603394,0
M,7.52,0,81.2,31.7,8,0,6.559401728881179,0
M,5.89,1,51.9,29.8,5,0,10.461177512282637,0
F,4.58517395982783,1,73.6,28.9,13,0,11.612548986542823,0
F,11.0551739598278,0,59.5,33.7,28,0,8.305574650769339,0
F,6.12517395982783,1,69.7,44.7,23,0,13.603650695249863,0
F,3.89517395982783,1,72.2,27.3,23,0,8.317236647172102,0
M,5.75,1,75.6,37.0,10,0,11.353112502454882,0
F,3.17517395982783,0,60.4,34.1,13,0,4.645838710047915,0
F,3.87517395982783,1,69.5,39.2,12,0,10.709412439235237,0
F,6.74517395982783,0,53.3,48.3,23,0,7.661315549208393,0
F,4.38517395982783,2,50.4,43.8,33,0,11.704801080666826,0
F,4.64517395982783,1,74.0,44.7,18,0,12.951152334826372,0
M,9.67,0,66.7,34.5,5,0,9.6300047366694,0
F,7.92517395982783,2,47.9,33.7,19,0,11.531694473290095,0
F,7.78517395982783,1,57.1,37.6,21,0,7.972404099119853,0
M,6.82,0,67.5,34.9,6,0,8.110361414141378,0
F,6.98517395982783,1,86.0,32.0,24,0,13.070652344341207,0
F,9.41517395982783,1,79.8,34.6,19,0,14.08674675276465,0
M,5.45,2,76.9,38.9,5,0,16.052035086939565,1
M,10.14,0,45.9,32.1,3,0,8.734119679020363,0
M,3.12,1,66.1,28.7,4,0,12.082299219696601,0
F,5.13517395982783,2,73.0,37.2,11,0,13.455377178078798,0
F,2.32517395982783,1,72.0,31.9,43,0,7.858643794112326,0
F,4.91517395982783,2,72.3,44.4,27,0,13.33193926413915,0
F,7.07517395982783,0,64.5,36.7,23,0,8.630420314251328,0
F,9.40517395982784,1,88.4,34.3,22,0,17.380481737206814,1
F,4.11517395982783,0,85.0,31.2,29,0,7.1449081034348945,0
M,5.51,2,66.2,34.1,2,0,10.38560031168069,0
F,4.87517395982783,1,55.5,44.0,16,0,6.914601254693164,0
F,3.92517395982783,0,91.9,40.4,34,0,6.729513534321892,0
M,2.53,0,60.7,35.4,3,0,4.398542225009571,0
F,5.92517395982783,1,81.7,34.7,21,0,11.864809725404463,0
F,1.44517395982783,0,90.2,29.2,28,0,7.11374922587575,0
F,6.05517395982783,1,56.0,41.2,24,0,10.32409431826902,0
M,5.55,1,70.8,28.5,5,0,13.829679221086817,0
M,3.86,0,63.1,28.4,12,0,4.994965388637263,0
M,2.97,0,73.5,28.7,4,0,4.905364081048915,0
M,2.04,1,71.1,39.9,8,0,10.954751077040923,0
F,10.4551739598278,0,90.6,35.5,35,0,8.498302840061662,0
F,2.42517395982783,2,74.4,42.1,37,0,15.199970390553922,0
M,9.39,0,67.2,43.3,10,0,9.604106367452534,0
M,7.0,1,80.8,42.6,4,0,12.861115020163666,0
M,4.59,0,64.0,29.5,7,0,9.951552214298525,0
M,2.61,1,62.9,30.8,6,0,8.463585109410564,0
M,8.11,1,94.2,27.3,6,0,18.769596341048157,1
F,10.0951739598278,0,57.4,36.5,20,0,8.614724081457702,0
M,3.16,1,61.4,46.0,5,0,7.323967110059543,0
F,5.02517395982783,2,67.8,44.9,11,0,15.398426141903567,0
F,8.40517395982784,1,54.6,36.1,17,0,9.872096579276386,0
M,6.34,1,42.0,32.1,17,0,8.606488304372998,0
M,10.5,0,80.0,34.8,2,0,11.644066600030984,0
M,4.07,0,57.9,32.1,7,0,7.19916417730025,0
M,6.86,1,60.8,36.0,3,0,10.441664599491483,0
F,2.64517395982783,2,62.8,45.9,13,0,15.693397270006717,0
F,11.0151739598278,0,55.5,41.2,14,0,11.707602495956168,0
M,3.67,0,54.4,28.7,8,0,8.515603513126582,0
M,0.0,1,69.2,31.3,13,0,9.902826814251446,0
F,5.46517395982783,1,96.1,28.4,12,0,16.186444404085314,0
M,5.15,1,76.1,29.5,8,0,8.140403144051886,0
F,10.5651739598278,2,76.3,34.7,21,0,17.987773882656974,1
F,4.92517395982783,1,49.2,45.8,46,0,8.172576467267064,0
M,5.47,2,67.0,21.0,2,0,15.663451722254784,1
F,7.25517395982783,1,53.1,38.1,11,0,10.20168854152044,0
F,9.74517395982783,1,76.6,33.3,55,0,13.902271296014451,0
F,5.61517395982783,2,64.6,37.0,19,0,19.093936740322015,1
M,8.1,0,67.8,36.5,7,0,8.456560407159243,0
M,6.8,1,66.2,39.4,17,0,12.861584634380428,0
M,4.76,0,60.3,40.8,13,0,6.13646134015153,0
M,5.69,1,49.0,44.4,6,0,10.426426575913668,0
F,5.84517395982783,0,74.2,43.4,29,0,8.128620340786059,0
F,3.48517395982783,1,50.7,38.7,24,0,10.188235111860235,0
M,8.53,0,53.1,40.7,13,0,10.312615071094354,0
M,2.04,1,63.7,34.6,6,0,12.773787995206657,0
F,8.70517395982783,1,58.8,35.3,34,0,13.08782714373225,0
F,8.16517395982783,2,70.4,26.3,10,0,18.189680751985122,1
M,5.27,2,79.4,38.3,8,0,13.891270981628868,0
M,3.59,1,70.3,31.8,5,0,10.54024651516876,0
F,5.20517395982783,1,69.7,46.6,40,0,13.362165909681094,0
M,6.68,0,67.6,39.8,9,0,9.803937276834306,0
M,7.36,0,77.6,33.3,7,0,9.535219465590101,0
F,6.49517395982783,1,45.1,30.9,22,0,12.17737489904982,0
M,7.98,2,71.7,21.0,7,0,17.99053341798764,1
M,4.11,1,56.1,34.8,3,0,12.382612516518643,0
F,6.36517395982783,1,52.5,42.8,35,0,11.436305293828138,0
F,1.85517395982783,1,67.3,27.2,19,0,8.927190348771846,0
F,7.68517395982783,1,62.6,33.2,32,0,12.896269493779963,0
M,5.88,1,74.3,35.4,11,0,6.279811248294449,0
M,4.46,1,80.5,27.9,3,0,12.630771472770101,0
M,8.4,2,39.4,37.8,3,0,7.661174349570431,0
M,7.23,1,66.4,42.1,9,0,8.816073185189165,0
F,0.275173959827833,2,90.8,31.3,19,0,15.397124181795887,0
M,5.6,1,77.7,28.1,8,0,13.194058674533592,0
F,2.13517395982783,1,84.6,41.6,45,0,8.664729419634055,0
M,8.17,2,68.5,39.5,5,0,15.455795916242124,1
F,11.9951739598278,2,50.1,33.0,15,0,20.245668957142165,1
M,4.2,2,53.8,40.2,6,0,12.897939736854648,0
M,5.69,1,75.8,29.3,6,0,16.63684062480597,1
M,4.87,1,78.8,32.3,4,0,11.947160293647308,0
F,6.65517395982783,1,58.5,39.9,18,0,12.23865933367645,0
F,7.38517395982783,2,64.1,46.9,10,0,19.41333577691113,1
M,8.72,1,70.4,28.4,3,0,13.55005423238684,0
F,3.30517395982783,0,46.3,37.2,6,0,2.888899018532313,0
F,9.70517395982783,0,63.1,31.2,16,0,9.050132076525335,0
F,3.44517395982783,1,86.7,34.6,14,0,11.720365507533733,0
M,6.19,1,93.5,31.5,7,0,10.91051669559687,0
F,8.67517395982783,2,66.0,30.5,23,0,16.44592283723227,0
M,7.28,1,89.3,34.7,5,0,12.406615812005128,0
F,3.42517395982783,1,61.0,41.5,39,0,11.831302494288783,0
M,3.75,1,57.6,42.0,6,0,9.976223748370511,0
F,4.61517395982783,0,40.4,40.7,23,0,4.569995481618776,0
M,5.37,0,78.8,31.2,3,0,7.988636138754848,0
M,8.37,1,62.8,25.7,5,0,13.027244036812332,0
M,2.27,1,95.4,21.0,4,0,13.04662839937956,0
M,6.67,2,71.3,31.0,6,0,14.326575542661239,0
M,7.02,0,69.6,27.1,10,0,6.298824734757456,0
F,7.17517395982783,2,45.6,38.3,21,0,16.988945410718976,1
M,6.67,0,85.3,36.1,7,0,8.48132625559054,0
F,9.57517395982783,1,62.9,30.1,19,0,10.356902794720167,0
M,6.72,1,65.4,36.4,2,0,12.82562541876621,0
F,7.91517395982783,0,40.8,23.3,21,0,7.740326591979288,0
M,6.91,2,78.4,25.5,5,0,13.881569485486589,0
M,9.98,2,79.2,37.2,14,1,18.99296343092721,1
F,1.02517395982783,2,60.0,34.4,34,0,14.183753164770662,0
M,8.71,0,68.4,33.7,8,0,9.891772903412527,0
M,4.85,1,72.0,33.5,7,0,12.72896296752279,0
F,5.07517395982783,1,78.9,34.5,39,0,9.252048783732416,0
F,3.35517395982783,2,68.6,30.6,49,0,15.141667289906305,0
F,1.10517395982783,0,88.0,31.1,30,0,6.107347460973022,0
F,4.82517395982783,0,64.4,34.2,7,0,5.955006662464626,0
M,3.78,2,60.0,31.9,3,0,15.831111218839453,1
F,7.01517395982783,0,61.7,41.2,25,0,10.785136001262376,0
M,1.82,0,36.9,40.8,6,0,7.081740109200718,0
M,9.08,0,57.6,38.6,4,0,11.20161574301181,0
M,6.18,1,79.4,36.1,5,0,12.428531636739633,0
M,4.88,1,70.5,41.9,4,0,12.080440326052686,0
M,3.73,1,57.5,35.2,2,0,11.423645743568487,0
F,3.80517395982783,2,71.5,23.9,18,0,15.149942878512839,0
M,2.67,0,43.1,35.8,7,0,4.613528375823089,0
F,4.41517395982783,2,63.9,33.5,16,0,16.32809324366628,0
M,5.52,2,73.6,38.2,3,0,15.793434707948135,1
M,5.06,2,75.7,33.4,7,0,14.370426127252678,0
M,1.96,1,58.0,27.8,8,0,8.211053868328284,0
M,4.84,1,78.3,45.6,6,0,13.168820755467484,0
F,3.54517395982783,0,89.8,41.9,26,0,8.064573562313827,0
M,5.9,2,62.2,40.7,9,0,15.984419953736676,1
F,10.4351739598278,1,76.2,23.4,24,0,15.89174546431828,0
F,7.33517395982783,1,48.7,35.5,15,0,10.326904054118696,0
F,4.99517395982783,1,43.8,36.7,17,0,11.076083307173528,0
M,1.44,1,74.7,27.2,3,0,10.70668520691679,0
M,1.96,1,67.9,29.1,3,0,7.263373826177043,0
F,1.55517395982783,1,69.8,37.1,17,0,12.548196562286405,0
F,7.58517395982783,1,60.4,47.4,8,0,11.019097492400082,0
F,3.86517395982783,1,63.8,36.3,27,0,7.088396293543548,0
F,5.93517395982783,1,77.1,32.4,19,0,10.274499560741312,0
F,4.21517395982783,0,88.0,33.8,12,0,6.225496658557271,0
M,5.73,2,64.8,28.6,3,0,15.505346637315066,1
F,9.27517395982783,2,47.6,36.7,34,0,15.421885968821442,0
F,4.06517395982783,1,82.7,31.0,46,0,11.147923044632732,0
F,4.92517395982783,0,74.6,27.2,22,0,8.923990910878873,0
M,3.48,0,75.6,25.9,4,0,7.711750722385408,0
F,7.96517395982783,2,69.6,31.7,38,0,17.486682721202488,1
F,3.21517395982783,2,95.3,34.8,32,0,17.0982438945713,1
M,2.67,0,68.3,37.2,4,0,7.348269336004477,0
M,2.03,1,73.6,44.0,4,0,5.951093316445114,0
F,2.25517395982783,0,45.1,46.4,11,0,3.555710475384993,0
M,6.68,1,60.4,37.3,4,0,7.2075798710210535,0
F,12.1951739598278,1,59.1,32.7,13,0,14.306706833509491,0
M,3.01,1,67.0,44.4,5,0,10.18573405555131,0
F,8.15517395982783,2,71.6,32.9,16,0,19.180651529493275,1
M,6.13,2,58.4,32.5,4,0,17.52826878544224,1
M,2.74,0,88.2,36.6,9,0,7.949550096504735,0
M,4.81,1,54.6,29.4,13,0,9.226277845206202,0
F,5.19517395982783,1,62.0,28.2,11,0,11.907909205005392,0
F,4.04517395982783,0,70.2,44.5,25,0,5.880751705265288,0
M,10.33,0,52.4,35.1,6,0,8.830214697113302,0
F,1.00517395982783,1,74.2,38.7,31,0,11.668859613835453,0
F,6.72517395982783,2,75.0,41.3,22,0,15.49704428793507,0
M,6.33,1,63.9,41.4,1,0,13.249357278485004,0
F,4.32517395982783,0,90.3,39.3,32,0,9.83838971729852,0
F,6.14517395982783,0,68.4,32.2,23,0,5.951003345652274,0
F,7.96517395982783,2,70.8,37.7,26,0,18.886375236348716,1
F,6.15517395982783,1,55.9,30.6,6,0,12.387719670656926,0
M,6.54,1,47.3,39.3,6,0,10.784851774745315,0
M,7.23,1,59.8,41.1,8,0,10.276353083944695,0
F,0.695173959827833,2,63.5,39.3,15,0,11.074174942762777,0
F,9.47517395982783,1,61.9,43.7,33,0,11.99526182610787,0
M,11.2,1,76.6,32.6,5,0,16.04718892658392,1
M,7.95,0,38.7,40.5,5,0,4.772749665197205,0
M,8.03,1,53.8,43.7,8,0,12.656024497239741,0
F,2.25517395982783,0,45.5,52.0,14,0,1.8290759221571307,0
M,5.2,0,83.5,38.4,3,0,8.036862831122303,0
M,3.47,1,60.6,26.7,6,0,10.196295509148017,0
F,4.30517395982783,2,61.2,31.2,18,0,19.32684727003175,1
M,7.92,0,54.2,36.7,5,0,4.999368688959265,0
F,3.76517395982783,0,78.2,43.9,23,0,10.300616112894183,0
M,5.17,0,62.4,36.5,7,0,7.25268482797456,0
F,1.00517395982783,1,70.1,41.8,17,0,10.23193081594584,0
M,5.1,1,43.0,31.0,5,0,9.796695826776409,0
M,5.73,0,81.5,28.8,3,0,9.459453636390466,0
M,3.74,1,72.1,30.1,4,0,10.609629791275964,0
F,3.97517395982783,1,74.0,29.5,27,0,14.075687342828832,0
M,10.22,0,82.2,41.9,3,0,9.951057711550556,0
M,2.48,1,65.1,35.8,5,0,12.061469144358496,0
F,3.14517395982783,0,65.4,38.0,22,0,4.86185273948787,0
F,3.75517395982783,0,76.0,44.7,26,0,7.077083287111342,0
M,8.5,2,72.5,45.0,4,0,15.181074895419561,1
F,11.0251739598278,0,64.5,32.7,22,0,10.93763442060894,0
M,6.33,0,67.9,24.2,3,0,10.808251913853068,0
M,3.71,1,61.3,37.5,1,0,9.991287640358292,0
M,4.43,1,76.0,44.6,3,0,11.14122860259218,0
M,8.16,0,78.6,46.0,4,0,7.352766073864148,0
M,3.22,2,67.5,31.8,6,0,13.876414692895384,0
M,9.13,0,90.0,44.5,6,0,7.679411480556947,0
F,9.31517395982783,1,48.9,39.1,18,0,10.25483100647626,0
M,5.68,2,64.6,41.6,4,0,15.815572092218272,1
F,7.39517395982783,2,88.0,35.5,82,0,20.495613375396708,1
M,7.37,2,62.3,42.1,4,0,21.664421722459004,1
F,9.66517395982783,1,48.2,38.6,26,0,11.033416809772115,0
M,2.87,1,84.2,36.3,7,0,14.19960031329088,0
M,8.45,2,74.0,41.1,5,0,17.892504960803297,1
F,4.83517395982783,0,53.1,32.1,20,0,5.8320916864211645,0
M,3.58,2,76.7,40.5,1,0,16.024188903452302,1
M,5.76,0,55.1,31.4,6,0,6.860832967359919,0
F,5.23517395982783,1,51.3,37.1,11,0,10.429378431138352,0
M,3.03,0,65.6,21.0,9,0,5.290333674346661,0
F,1.78517395982783,0,61.6,39.4,15,0,2.408367660316214,0
M,3.14,0,54.2,41.9,9,0,2.2767495949558376,0
F,9.40517395982784,2,63.0,33.3,42,0,18.419076746476374,1
F,10.6851739598278,0,55.3,31.5,23,0,8.660186799742474,0
F,7.40517395982783,2,68.1,36.1,16,0,15.277409180601584,0
M,8.46,0,67.2,41.4,4,0,8.951011253446309,0
M,4.21,0,76.4,39.5,2,0,9.042864505831256,0
M,5.31,0,62.0,32.6,5,0,7.355727886052797,0
F,6.48517395982783,2,51.4,33.5,33,0,13.52847710663198,0
M,2.8,0,51.6,32.6,4,0,7.4645859112979,0
F,3.30517395982783,2,64.5,36.7,17,0,17.325957985877178,1
F,6.01517395982783,0,85.9,32.0,47,0,10.009700290559621,0
M,4.7,2,77.6,25.6,8,0,17.72932702268818,1
F,3.11517395982783,1,59.7,41.9,38,0,12.22050697354154,0
M,6.47,0,78.8,44.8,3,0,11.011198632809027,0
M,4.84,1,53.5,34.6,3,0,11.393198354225248,0
F,8.32517395982783,0,79.6,38.1,11,0,10.93128107406368,0
M,5.49,1,62.8,40.1,5,0,12.180321146693005,0
F,5.02517395982783,0,76.7,28.0,39,0,5.686911630819829,0
M,5.82,1,74.9,33.0,5,0,13.554446313719174,0
F,5.34517395982783,1,64.1,45.2,21,0,8.447959037660807,0
F,4.10517395982783,0,71.4,31.5,31,0,5.461388069663807,0
M,4.5,0,54.6,21.0,3,0,8.679130135616177,0
F,7.64517395982783,2,66.5,34.5,11,0,18.158027305302312,1
F,7.39517395982783,0,80.5,43.4,16,0,12.307383559285642,0
M,8.72,0,100.0,39.9,12,0,10.816651232625416,0
F,1.54517395982783,0,75.9,31.7,49,0,3.7810892973603805,0
M,4.52,1,68.5,42.4,5,0,10.574125605859313,0
M,4.46,1,55.3,46.3,4,0,10.30506259448115,0
M,5.93,1,80.2,34.4,6,0,12.73697743268002,0
F,4.64517395982783,0,47.5,48.9,6,0,7.9149479374273195,0
M,4.22,0,57.8,32.2,10,0,5.4334591499931095,0
M,7.46,1,71.8,36.0,6,0,13.46006894360585,0
M,5.95,0,52.9,28.9,6,0,4.7007457011307885,0
M,2.58,0,86.0,29.9,3,0,8.210634556087626,0
F,9.11517395982783,1,80.6,22.5,26,0,14.205804080285187,0
M,7.99,0,60.6,38.8,3,0,6.737373323430967,0
M,4.07,1,60.8,33.7,9,0,9.819341275650295,0
M,7.58,0,51.6,31.9,5,0,7.033648506969557,0
M,3.66,0,50.6,37.4,5,0,4.831689741325808,0
M,8.31,1,72.8,33.0,3,0,16.793682484535367,1
F,5.23517395982783,0,75.0,21.0,13,0,7.670694975298157,0
M,3.49,2,71.7,49.5,7,0,14.276207779645327,0
F,4.84517395982783,1,70.6,37.8,15,0,7.169685064693631,0
F,3.86517395982783,1,60.7,27.9,21,0,8.393172275954962,0
F,6.25517395982783,1,71.8,37.0,2,0,11.627440131001208,0
M,5.94,2,49.7,33.3,7,0,13.077294647646717,0
M,5.59,0,67.5,44.4,6,0,10.283415186755594,0
M,4.11,2,85.2,39.3,4,0,15.689124449207561,1
F,0.275173959827833,2,83.4,31.4,55,0,16.55247547855042,0
F,6.00517395982783,0,61.9,34.7,11,0,7.4589962480146506,0
F,1.03517395982783,0,63.4,38.2,14,0,5.030042652757069,0
M,6.11,1,84.0,40.9,4,0,12.757407104574998,0
M,8.33,0,89.0,37.2,4,0,10.402592503242918,0
M,6.18,0,49.4,34.2,2,0,9.985590006099718,0
M,4.53,0,62.3,35.1,8,0,1.9867785464975647,0
M,5.05,1,70.3,31.4,3,0,7.442908511122644,0
F,5.44517395982783,2,82.1,37.1,10,0,15.383245317801686,0
F,4.40517395982783,2,57.4,35.0,22,0,14.249642743789053,0
M,4.04,1,75.2,37.3,9,0,12.664208849528025,0
M,3.19,1,63.8,40.9,7,0,11.00717439605495,0
M,8.47,2,96.1,21.0,2,0,18.193508174238858,1
F,5.73517395982783,1,72.6,33.7,11,0,13.987674366397439,0
F,8.16517395982783,2,65.8,35.2,29,0,18.748977786219378,1
F,5.14517395982783,1,63.4,32.4,14,0,11.378702642457046,0
M,5.68,1,80.2,27.4,2,0,14.379315144973683,0
M,5.07,1,75.6,27.8,4,0,12.372290526864258,0
M,6.66,0,54.4,38.9,6,0,6.015033946434233,0
F,7.84517395982783,0,70.1,43.6,13,0,10.225220657913924,0
F,6.37517395982783,0,51.3,30.1,25,0,6.999813225071271,0
M,3.82,2,58.4,38.8,6,0,14.000679693508975,0
M,3.55,2,51.9,32.5,7,0,16.35390714437915,1
M,9.65,1,51.5,44.0,13,0,7.528255742919827,0
M,4.8,0,59.2,32.7,3,0,3.708631659680861,0
M,4.77,0,55.7,38.2,6,0,3.9098591472512605,0
M,9.16,1,73.8,39.8,5,0,13.01947870486239,0
M,8.22,1,77.1,34.0,7,0,12.99778366046794,0
F,7.10517395982783,0,64.6,38.2,27,0,5.0599356843678205,0
F,4.77517395982783,0,54.0,38.5,14,0,4.197270915292263,0
M,11.38,1,77.2,41.2,6,0,13.37231664295286,0
F,6.75517395982783,1,43.1,25.8,24,0,15.309435164065697,0
M,6.87,0,44.2,32.8,5,0,10.132483895494293,0
M,5.07,0,76.2,34.9,5,0,7.045501164630702,0
M,1.96,0,75.4,35.6,6,0,5.530833419386403,0
F,2.43517395982783,1,79.2,38.4,16,0,8.463178985537326,0
M,6.52,1,64.9,39.5,3,0,7.986739173549467,0
F,6.75517395982783,1,52.3,43.3,21,0,10.804826607096865,0
M,4.9,2,61.3,43.6,6,0,12.745296033511949,0
M,2.57,1,74.3,30.4,2,0,10.316298936675981,0
F,2.17517395982783,0,58.2,35.2,45,0,1.9611752818269612,0
F,4.95517395982783,1,59.0,40.5,38,0,9.0836380632934,0
M,1.86,2,50.7,26.7,2,0,12.77625419060566,0
M,7.75,2,53.4,39.0,4,0,16.345419195567874,1
F,8.65517395982784,0,77.6,36.1,13,0,10.594530897397949,0
M,12.57,0,72.9,22.4,2,0,8.747022031685926,0
F,7.97517395982783,1,53.5,37.5,28,0,13.44195844018504,0
F,4.29517395982783,2,54.4,41.6,31,0,12.355163586710214,0
M,3.32,1,60.7,35.3,4,0,11.174715829214614,0
M,0.0,1,74.1,38.4,6,0,9.165722646763616,0
M,4.01,0,53.4,24.4,2,0,2.9902250018441046,0
F,5.33517395982783,2,65.4,35.5,53,0,14.61319157075154,0
M,7.92,0,41.6,29.9,4,0,7.602727484127535,0
M,7.03,1,52.3,33.1,3,0,12.401930760949199,0
M,6.97,1,72.5,34.3,6,0,12.278024205111162,0
F,6.30517395982783,2,78.3,39.9,34,0,19.69714476111602,1
M,7.15,2,53.5,35.0,5,0,17.33502154197312,1
M,9.12,1,58.1,37.4,9,0,12.113691767200493,0
F,3.11517395982783,0,77.1,27.2,8,0,8.454830604187805,0
F,4.63517395982783,2,62.8,37.1,8,0,18.58117395029029,1
M,2.03,1,60.9,39.1,3,0,13.198969201566053,0
F,9.82517395982783,0,73.7,25.9,27,0,7.615587218268921,0
M,8.74,0,69.8,25.5,5,0,7.402933777685699,0
F,7.65517395982783,2,80.9,34.0,31,0,20.46042455338162,1
F,2.77517395982783,2,77.0,32.4,11,0,12.661024878238642,0
