gender,years_exp,education,test_score,age,career_break_months,senior_hire
M,9.54,0,64.9,29.1,7,0
M,0.03,0,70,32.8,13,0
M,4.66,0,64.9,42.7,3,0
F,6.32517395982783,1,62.9,44,22,0
F,4.83517395982783,0,59.7,34.8,36,0
M,3.48,1,76.6,36.2,5,0
F,5.62517395982783,0,67.4,34,24,0
M,5.49,1,69.5,40.5,8,0
M,5.29,1,56.3,38.5,8,0
M,0.81,0,60.6,31.2,3,0
F,5.40517395982783,1,70,43.2,25,0
F,3.63517395982783,1,55.9,33.3,9,0
F,4.40517395982783,1,52.9,31.2,31,0
F,6.34517395982783,2,64.1,25.2,38,1
M,7.1,1,82.4,38.3,3,0
M,7.74,0,70.3,33.1,5,0
M,4.26,2,85.5,33.1,4,1
M,7.81,1,66.4,35.6,8,0
M,8.43,1,64.3,25.8,8,0
M,8.34,0,51.3,42.2,2,0
F,9.24517395982783,1,61.1,44,20,0
F,5.41517395982783,1,85.2,25.8,16,0
M,5.06,1,71.9,31,5,0
F,7.83517395982783,2,76.8,28.6,28,1
F,2.35517395982783,0,76.5,23.7,43,0
M,6.02,2,67.9,41,4,1
M,4.17,1,65.5,35.8,6,0
M,4.58,1,69.4,44.2,4,0
M,1.15,2,76.1,31,4,0
M,3.27,1,73.5,33.1,3,0
M,5.45,2,73.9,37,12,1
F,7.99517395982783,2,69.8,34.1,11,0
F,8.25517395982783,2,58.8,25.3,22,0
F,5.57517395982783,1,64.9,43.5,31,0
M,5.03,1,56.7,21.8,7,0
F,3.69517395982783,0,80.1,32.4,34,0
F,6.78517395982783,1,42.8,29.5,18,0
F,5.15517395982783,2,65.4,38.8,3,0
M,7.01,0,96.6,40,7,0
F,10.1551739598278,1,63.9,30,40,0
F,5.69517395982783,1,54.4,35.7,10,0
M,1.76,0,67.8,44.2,4,0
M,3.35,2,83.5,41.8,2,0
M,1.85,1,66.1,39.5,8,0
M,2.51,0,75.4,34.1,5,0
M,8.76,0,69.2,42.7,9,0
F,6.34517395982783,1,63.5,42,63,0
M,1.7,0,100,41.4,6,0
M,7.13,1,68.9,37.4,7,0
M,8.65,0,61.6,35,7,0
F,4.87517395982783,1,62.1,31.7,28,0
M,3.81,1,72.6,32.8,5,0
F,4.93517395982783,2,72.9,34.3,13,0
F,6.48517395982783,1,77.3,32.1,17,0
F,7.37517395982783,1,69.7,34.6,18,0
F,8.73517395982783,0,50.8,54.8,10,0
M,8.53,0,74.4,27.6,2,0
F,8.73517395982783,2,64.3,23.7,21,1
M,8.9,2,64.6,42.4,5,1
M,7.15,1,50.2,22,6,0
M,1.67,2,61.1,32.8,3,0
M,5.17,1,59.3,36,7,0
M,6.28,1,67.6,40.2,3,0
F,4.81517395982783,1,50.6,42,35,0
F,8.05517395982783,1,68.6,36.9,13,0
F,4.87517395982783,1,69.5,32.3,15,0
F,3.46517395982783,0,54.6,42.6,16,0
F,9.38517395982783,1,60.5,44,7,0
M,7.17,1,57.7,45.6,4,0
F,6.32517395982783,0,78.9,31.1,21,0
M,7.82,1,37.7,41,7,0
F,8.43517395982783,0,63.9,36,28,0
M,6.35,1,48.1,33.3,3,0
M,0,2,62.8,39.4,10,0
F,4.08517395982783,1,78.2,32.8,41,0
M,4.36,1,60.4,27.4,4,0
M,3.04,1,69.7,43.6,7,0
M,6,0,57.9,34.1,8,0
M,8.48,1,91.3,31,10,1
F,4.56517395982783,2,79,39.2,23,0
F,2.93517395982783,2,81.5,37.6,16,0
M,10.57,0,52.1,31.2,9,0
M,4.37,0,54.8,34.6,9,0
F,2.69517395982783,2,81,36.4,27,0
M,6.09,2,65.7,32.6,11,0
M,6.56,1,64.9,48.7,5,0
M,3.74,2,72,30.7,3,0
F,7.75517395982783,1,52.9,39.1,22,0
F,4.55517395982783,2,77.3,39.6,20,1
F,3.46517395982783,0,68.2,45.4,59,0
F,6.22517395982783,1,73.8,31.3,15,0
M,7.43,1,60,35.2,4,0
M,3.92,0,74.2,35.2,4,0
M,6.33,1,59.5,35.2,5,0
F,5.54517395982783,0,79.5,36.1,23,0
M,12.56,1,81.6,35.3,3,0
F,4.00517395982783,2,78.9,51.2,10,0
F,9.23517395982783,1,74.2,32.7,28,0
F,5.64517395982783,2,75.6,43.9,40,1
F,5.45517395982783,1,35.5,30.6,15,0
M,7.3,1,78,32.1,7,0
M,7.73,0,64.7,31.5,3,0
F,8.94517395982783,0,69.1,40.9,44,0
M,6.32,1,64.6,29.8,15,0
M,4,2,51.3,26.1,1,0
F,4.43517395982783,1,61.5,35.5,38,0
M,6.77,2,75.9,36.3,5,0
M,6.95,0,85,40.9,5,0
F,9.27517395982783,2,60.5,39,19,1
M,6.55,2,57.2,31.7,5,0
M,8.15,1,85.4,31.6,2,0
M,9.29,1,57.4,33.1,5,0
F,6.18517395982783,1,92.9,34.8,21,0
M,1.79,0,68.6,32.2,15,0
F,2.82517395982783,1,57.4,44.3,20,0
M,1.91,1,79.8,26.4,9,0
M,9.48,1,88.3,43.2,4,1
F,3.65517395982783,0,50.8,36.3,21,0
F,8.85517395982783,0,86.7,35.5,27,0
M,6.96,0,64.6,37.6,5,0
F,10.0651739598278,2,85.8,39.4,8,1
M,8.01,0,63.4,30.7,4,0
M,5.24,0,49.1,36.8,3,0
M,5,0,74,32.4,6,0
M,5.71,1,79.1,33.7,2,0
F,6.21517395982783,1,93.2,32.3,11,0
F,4.44517395982783,2,88.7,22.5,14,1
F,5.69517395982783,2,76.3,27.5,38,0
F,9.79517395982783,2,65.1,32.2,17,0
F,1.51517395982783,2,61.8,46.8,8,0
M,6.15,1,64.5,37.2,5,0
M,3.23,0,58,40.7,5,0
F,6.24517395982783,2,64.7,50.2,18,1
F,7.87517395982783,0,37.5,28.4,30,0
M,5.36,1,70.1,44.1,3,0
F,7.70517395982783,0,67.7,37.5,35,0
M,1.53,2,98.8,45.2,9,1
M,8.27,0,77.1,33.5,1,0
M,3.99,1,62.2,32,6,0
M,7.06,0,74.8,35.6,7,0
M,5.96,2,53.3,35.8,5,1
M,0,1,60.8,30.6,12,0
F,3.88517395982783,1,45.6,32.4,8,0
M,6.05,0,85.2,31.3,7,0
F,9.65517395982784,0,75.1,38,26,0
M,6.22,2,53.9,39.9,8,0
F,6.41517395982783,1,67.3,28.8,6,0
F,2.24517395982783,1,79.4,38.7,41,0
M,9.08,2,73.9,44.9,3,1
M,10.02,1,72.6,33.6,5,0
F,5.84517395982783,0,57.7,31.7,17,0
M,4.95,1,60.4,31.1,4,0
M,1.45,0,69.1,33.3,5,0
M,7.71,1,79,29,4,0
M,12.26,1,58.1,33.4,3,0
M,7.29,1,54.5,37.5,3,0
F,8.93517395982783,2,81.7,29.4,14,1
F,7.13517395982783,2,56.8,32.6,28,1
F,3.31517395982783,1,80.9,24.4,31,0
F,9.11517395982783,2,70.9,40.6,19,0
F,2.68517395982783,2,78.6,31.4,15,0
M,4.97,1,88.9,34.5,12,0
M,6.2,1,76.3,42.4,7,1
F,7.98517395982783,2,77.3,45.5,43,0
M,6.54,1,57,35.9,8,0
M,6.47,0,59.7,37.9,10,0
M,3.6,0,75.7,34.1,5,0
M,2.28,1,86.4,42.9,7,0
F,5.92517395982783,1,84.7,41.5,27,0
M,3.72,1,95.8,27.7,6,0
M,2.23,1,71.7,33.2,7,0
M,2.34,0,70.4,28,5,0
M,4.27,0,80.1,40,7,0
F,1.14517395982783,0,68.2,43.9,20,0
F,2.40517395982783,1,67.3,34.1,22,0
F,1.68517395982783,0,55.4,44.5,9,0
M,5.96,1,79.9,40.1,9,1
M,6.52,2,55.1,31.9,4,1
M,10.52,1,74.1,44.9,6,0
F,2.03517395982783,2,51,44.5,19,0
M,3.8,1,81.2,33.2,4,0
M,7.78,2,55.7,26.7,6,1
M,4.96,0,78.1,33.3,3,0
M,4.68,1,48.9,37.2,5,0
M,9.77,2,62.7,33.6,9,1
F,4.92517395982783,1,82.1,34.2,36,0
F,2.88517395982783,2,58.3,37,21,0
F,2.48517395982783,0,68.8,45.3,34,0
F,6.61517395982783,0,62.3,37.6,25,0
F,6.53517395982783,2,40.3,32.3,21,1
F,2.34517395982783,1,71.7,43.1,8,0
M,3.04,1,73.2,48.6,4,0
F,7.11517395982783,2,54.7,43.9,27,0
M,6.94,0,74.9,40.1,4,0
F,4.16517395982783,2,58.5,31.2,15,0
M,7.06,1,56,45.4,3,0
F,7.20517395982783,0,68.1,39.3,32,0
F,1.31517395982783,0,59.8,36.7,19,0
M,4.72,1,95.5,43.3,5,0
M,6.54,1,49.3,24.9,12,0
M,4.07,2,76.9,32.7,10,1
M,0.15,0,79.9,21,2,0
M,4.79,0,44.2,31.1,4,0
F,7.65517395982783,0,47.2,43.4,46,0
M,9.45,1,74.7,41.7,10,0
F,0.295173959827833,1,62.2,32.1,17,0
M,12.03,1,72.6,29.9,7,0
M,2.68,1,81.7,31.2,13,0
M,7.89,1,63.5,37,9,0
F,8.86517395982783,0,55.2,44.6,34,0
F,8.23517395982783,0,35.2,42.2,33,0
F,6.14517395982783,2,70.5,34.3,38,0
F,2.87517395982783,0,56.9,33.3,13,0
M,7.07,2,71.8,39.7,1,1
M,3.71,1,70.8,32.9,4,0
F,0.275173959827833,0,51.4,29.5,24,0
M,12.57,0,88.7,33.5,5,0
M,7.27,0,81,39.9,5,0
F,10.3251739598278,0,78.2,45.2,40,0
M,3.22,1,53.8,36.5,5,0
M,9.17,1,63.1,33.3,11,0
F,9.74517395982783,1,61.4,30.8,29,0
M,9.39,1,63,36.9,8,0
M,5.45,0,54.5,35.5,8,0
M,2.49,0,73.2,36.5,4,0
F,5.33517395982783,2,70.8,35.4,16,0
M,0,0,72.4,47,7,0
M,1.24,1,61.9,33.2,1,0
M,5.73,1,83.5,31.8,2,0
M,3.02,1,70.3,43.5,2,0
F,5.36517395982783,0,35.1,48.1,20,0
M,5.23,1,60.3,30.8,8,0
M,10.33,1,67.3,45.3,3,0
M,8.74,2,79.6,33.8,1,1
F,5.66517395982783,0,64.4,41.5,17,0
F,8.79517395982783,0,65,38.5,75,0
M,3.55,0,60,35.4,4,0
F,4.93517395982783,2,76,38.2,16,0
M,7.78,0,62.6,39.4,1,0
M,2.4,0,60.8,42.3,9,0
F,5.07517395982783,1,59.1,35.4,29,0
F,2.47517395982783,2,74.7,28.3,10,0
M,5.79,1,61.6,41,7,0
M,9.58,0,47.9,33.8,11,0
F,3.89517395982783,1,75.5,40.1,26,0
F,6.33517395982783,0,59.6,29.8,32,0
F,3.53517395982783,0,72.3,49.6,35,0
M,2.63,2,72.5,32.8,5,1
M,2.41,1,82.4,37.1,2,1
F,9.41517395982783,0,80.5,26.8,27,0
F,11.6851739598278,2,61.1,34.9,9,1
M,6.71,2,66,35.8,3,1
F,3.98517395982783,2,52.5,36.8,14,1
F,7.53517395982783,0,88.1,33,19,0
F,4.93517395982783,0,73.3,36.8,41,0
M,7.5,1,84.7,31.1,9,1
F,6.50517395982783,1,64.2,40.8,24,0
M,6.2,2,43.4,37.5,9,0
M,7.02,2,86.4,41,5,1
F,4.32517395982783,2,69.1,45.5,19,0
F,4.76517395982783,0,69.6,37.6,25,0
M,1.2,1,68.7,36,3,0
F,4.67517395982783,0,75.7,36.7,22,0
F,2.21517395982783,1,74.4,38.9,25,0
F,5.41517395982783,0,48.9,37,13,0
F,3.38517395982783,0,81,32.2,7,0
M,5.75,0,61.7,44.4,11,0
F,6.90517395982783,0,62.4,36.7,2,0
F,2.22517395982783,0,88.7,44.3,32,0
M,3.47,1,79,37.5,8,0
M,3.14,0,63.9,34.1,5,0
F,7.64517395982783,0,45.7,37.4,24,0
F,10.0451739598278,1,69.9,36.7,19,0
M,7.63,1,74.5,35.6,6,1
F,4.90517395982783,1,67,35.9,10,0
M,9.16,1,53,31.6,5,0
F,1.98517395982783,1,58.5,40.2,26,0
M,9.25,1,52.9,28.8,7,0
M,3.86,1,70.6,37.9,4,0
M,0,0,77.8,29.9,4,0
M,12.13,0,80.3,32.9,7,0
F,9.72517395982783,1,59.2,39.2,12,0
F,3.19517395982783,0,70.8,39.4,17,0
M,5.92,1,74.6,34.5,8,0
M,4.96,0,61.9,37.3,7,0
F,6.03517395982783,1,66.2,34.7,15,0
F,2.06517395982783,2,93.5,22.5,17,0
M,3.8,1,70.5,37.8,2,0
M,6.67,1,78.6,35.3,4,0
M,6.06,0,62.8,23.4,6,0
F,8.77517395982783,2,68.5,32.9,16,1
F,5.97517395982783,1,47.4,36.4,11,0
M,11.37,1,67.7,33.8,2,1
M,3.71,2,82.3,30.3,6,0
M,6.15,1,93.2,34.3,5,0
M,0.71,2,82.4,40.9,7,0
M,2.37,1,76.2,39.8,3,0
M,8.82,2,68.6,36.3,6,1
M,3.14,1,60.8,38,3,0
F,7.10517395982783,1,66.1,31.1,12,0
M,5.35,2,75.4,26.1,3,1
F,3.16517395982783,0,58.6,40.8,6,0
M,4.63,1,79.2,36.2,9,0
M,4.21,1,56.2,38.7,9,0
M,4.28,0,46.6,30.8,5,0
F,7.65517395982783,1,55.9,31.2,18,0
F,7.40517395982783,1,48,23.3,6,0
F,4.33517395982783,2,51.5,41.6,8,0
F,3.50517395982783,1,81.6,35.2,40,0
M,6.21,1,65.6,37.4,2,1
M,5.25,2,70.6,32.7,6,1
F,8.34517395982783,1,81.9,36.7,21,0
M,12.14,2,83.1,41,14,1
M,7.61,1,61.9,41.7,6,0
F,5.68517395982783,0,83.9,25.9,49,0
M,5.07,0,72.6,31.8,8,0
M,3.36,0,68,43.8,6,0
F,3.50517395982783,1,73.3,34.4,49,0
F,3.26517395982783,0,50.9,35.7,26,0
M,4.51,2,58.6,33.9,1,0
M,4.43,2,66.7,47.4,6,1
F,7.63517395982783,0,75.3,37,13,0
M,4.5,0,63.5,32.1,9,0
M,5.01,0,66.5,35.4,4,0
M,2.45,2,79.6,36.3,1,1
F,9.88517395982783,0,84.9,42.1,22,0
F,7.04517395982783,1,77.2,32.7,25,0
M,9.97,0,83.2,30.5,6,0
F,7.76517395982783,0,63.1,35.2,50,0
F,9.49517395982783,0,64.3,46.9,28,0
M,4.88,1,71.8,24.6,9,0
F,7.56517395982783,0,64.4,35.7,24,0
M,12.26,2,61.9,30.2,5,1
F,2.71517395982783,1,87.8,45.3,15,0
M,8.44,0,65.6,41.5,6,0
F,10.0151739598278,0,56.4,26,20,0
M,6.55,1,73.8,33,8,0
F,7.68517395982783,1,90,35.5,17,0
M,8.7,0,69,33,3,0
F,4.09517395982783,0,82.8,44.1,18,0
F,6.81517395982783,1,62.7,40.8,20,0
F,3.55517395982783,2,62.1,45.8,12,0
M,3.77,1,59.7,44.1,12,0
M,3.92,2,66.3,38,4,1
F,5.40517395982783,1,90,34.4,24,0
M,5.87,1,54.1,39.2,8,0
M,6.66,1,87.6,40.1,4,0
M,1.87,1,55.9,29.6,5,0
F,10.8451739598278,1,65.2,37.4,11,0
F,8.73517395982783,1,78,22.4,27,1
F,7.63517395982783,0,75.6,28.1,8,0
F,4.85517395982783,0,71.4,39.8,7,0
F,5.54517395982783,2,48.2,32.8,33,0
M,6.9,1,72.3,35.7,7,0
F,6.82517395982783,2,55.7,41.7,34,1
F,1.47517395982783,2,98.8,34.7,52,0
M,7.4,1,65.4,35.9,4,0
M,12.97,0,70.3,34,3,0
F,1.04517395982783,1,54.2,39.9,27,0
M,8.05,1,62.3,28.4,6,0
F,6.72517395982783,0,52.5,31.5,40,0
M,5.21,2,79.8,37.8,5,1
F,9.29517395982783,1,64.9,30.2,32,0
M,2.47,0,74.8,25,4,0
M,5.92,0,59.8,29.4,4,0
M,9.25,0,62,30.1,11,0
F,5.26517395982783,1,83.5,43.1,25,0
M,4.43,2,56.3,32.5,10,0
M,5.79,0,46.4,40,9,0
F,4.63517395982783,0,72.9,40,34,0
F,9.74517395982783,1,54.3,36.6,43,0
F,3.44517395982783,1,62.7,41.6,24,0
M,7.74,1,78.9,44.9,6,1
M,2.28,2,58.2,45.3,5,0
F,7.49517395982783,2,78.5,42,27,1
M,5.23,2,59.8,39.8,8,1
F,0.275173959827833,1,85.9,43.5,35,0
M,5.48,0,83.9,37.6,8,0
M,2.76,0,62.3,21,14,0
M,4.36,1,65.4,41.8,6,0
F,9.72517395982783,2,58,34.6,32,1
F,2.90517395982783,0,70.4,32.1,26,0
M,2.78,1,81.8,50.8,8,0
F,9.47517395982783,1,50.6,36.9,22,0
F,6.07517395982783,1,79,38.7,41,0
M,9.46,0,52.1,37.7,4,0
M,6.33,0,57.7,36.4,5,0
M,3.23,0,46.5,39.2,14,0
M,5.33,0,93.3,39.4,2,0
M,8.66,1,68.7,35.8,2,0
M,7.92,1,70.9,32.8,5,0
M,5.5,1,59.9,37.2,7,0
M,5.63,1,80.8,26.8,10,0
M,5.21,2,42.8,23.7,4,0
F,4.28517395982783,0,68.3,28.6,23,0
F,10.7351739598278,2,94.5,23.2,31,1
M,5.52,1,63.4,43.2,7,0
F,2.86517395982783,1,68.2,39,26,0
M,4.27,2,76.1,32.3,12,1
M,7.37,1,58.3,39.3,10,0
F,7.42517395982783,1,68.3,44,17,0
M,5.15,1,79.5,44.3,2,0
F,4.05517395982783,0,70.3,37.3,10,0
M,5.56,1,72.5,42.3,5,0
F,1.47517395982783,0,63.8,35,26,0
M,2.15,0,71.8,31.7,9,0
M,7.55,1,68.7,36.9,5,0
M,4.27,2,85.5,28,2,1
F,6.73517395982783,2,76.7,37.7,28,0
M,8.63,0,65.1,34.4,8,0
M,7.17,0,38.6,41.3,1,0
M,5.55,1,76.6,35.2,5,0
M,10.97,1,77.1,21,5,0
F,7.49517395982783,1,57,37.8,55,0
F,4.86517395982783,1,44,30.5,31,0
M,7.38,1,54.3,21.5,4,0
M,6.55,1,79.1,30.2,7,0
F,3.57517395982783,1,55.2,38.2,16,0
M,5.69,1,62.5,43,9,0
F,5.35517395982783,1,70.6,43.7,6,0
M,0.45,2,82.7,36.2,4,0
M,5.06,2,67.8,35.8,6,0
F,5.04517395982783,2,66.8,39,15,0
M,4.37,2,61.4,27.1,4,0
F,1.54517395982783,0,87.6,35.7,17,0
M,4.59,1,80.8,35.9,10,0
M,5.4,1,66.9,21.3,3,0
F,6.03517395982783,0,51.2,41.1,15,0
M,2.58,1,58.5,37.1,4,0
M,7.13,0,75,42.1,5,0
M,2.38,0,59.3,30.1,2,0
F,5.19517395982783,1,78.7,40.2,22,0
M,8.85,0,72.3,41.5,5,0
M,3.72,1,71.5,30.7,6,0
M,4.19,0,75.8,35.9,5,0
F,8.53517395982783,2,74,30.4,12,0
M,4.51,0,57.7,34.2,7,0
M,4.74,1,64.1,35.6,3,0
M,6.07,2,96.1,44.2,10,1
F,8.47517395982783,1,53.5,44.4,14,0
M,0,0,62.3,40.3,4,0
F,3.64517395982783,0,80.8,41.5,12,0
F,3.18517395982783,1,66.1,38.6,24,0
M,2.71,0,58.3,30.9,2,0
F,3.58517395982783,0,52.1,39.4,33,0
M,3.35,1,74.4,21,5,0
M,6.27,1,80.2,40.4,4,0
M,3.22,0,84.8,39.6,5,0
M,5.81,1,68.6,36,4,0
M,6.53,1,80.5,31.7,7,0
M,3.63,0,55.6,44.6,10,0
M,5.83,0,70,24.3,5,0
M,9.69,0,59.9,30.3,2,0
M,6.33,2,70.1,26.2,3,1
M,3.87,0,77,37.2,4,0
F,5.60517395982783,0,80.8,38,37,0
M,3.16,0,56.1,32.2,3,0
F,6.46517395982783,1,83.2,32.2,14,0
M,7.71,2,62.3,47.7,4,1
F,3.68517395982783,0,55.7,40.5,24,0
M,4.97,2,66,35.1,6,1
M,8.34,1,50.4,33.6,5,0
M,4.23,0,68.1,38.4,9,0
F,6.25517395982783,2,71.5,36.8,45,0
M,2.88,0,65.6,30.6,11,0
F,3.68517395982783,1,74.4,43.4,30,0
M,4.19,0,64.2,28.5,9,0
M,10.94,1,68,38.2,4,1
F,4.75517395982783,1,50.7,33.5,16,0
M,4.18,2,68.5,32.1,12,0
F,4.36517395982783,2,57.8,32,50,0
F,5.36517395982783,1,62.6,31.3,44,0
M,7.14,0,66.9,40.9,3,0
M,5.97,1,70.3,37,4,0
M,10.64,1,48.2,35.7,3,0
M,6.03,2,49.2,35.4,8,0
M,9.12,1,64.4,34.5,8,1
M,6.19,1,73.7,37.4,9,0
F,7.28517395982783,1,72.3,42.9,30,0
F,2.16517395982783,1,78.7,36.4,16,0
F,5.45517395982783,0,83.6,33.3,25,0
F,5.60517395982783,2,74,29,12,1
F,5.16517395982783,1,67.8,51.9,32,0
M,0.12,1,55.6,32.6,2,0
F,7.97517395982783,1,56.6,37.2,29,0
F,4.80517395982783,1,62.4,32.8,51,0
F,4.67517395982783,0,71.2,33.8,20,0
M,4.86,1,70.6,23.3,6,0
M,4.93,0,68.1,35.5,9,0
M,6.52,0,66.2,32.2,4,0
F,2.59517395982783,1,75.6,43.6,6,0
F,3.44517395982783,2,70.5,34.8,35,0
M,6.23,0,71.6,26.7,12,0
M,5.86,1,71.7,39.7,6,0
M,4.56,2,61.4,32.7,1,0
F,4.34517395982783,2,55.6,30.1,27,0
M,3.41,2,73.9,24.5,10,0
F,5.62517395982783,1,73,36,38,0
M,8.45,1,65.4,34.6,9,0
F,3.12517395982783,1,63,46.4,13,0
F,9.58517395982783,1,95.3,44.1,14,1
M,7.61,1,58.9,31,3,0
M,4.37,1,65.4,24.8,7,0
M,7.46,0,71.2,36.9,6,0
M,1.84,0,54.1,28.7,3,0
M,1.17,1,69.4,39.3,1,0
F,2.55517395982783,1,89.6,44.5,38,0
M,4.48,1,79.2,29.6,7,0
F,4.96517395982783,0,75.6,32.5,39,0
F,4.48517395982783,2,75.1,27.9,21,0
M,5.75,0,69.3,40.9,7,0
M,0.16,2,79.5,37.6,12,0
F,7.01517395982783,1,66.1,34.3,26,0
M,1.95,1,62.9,35.7,9,0
M,3.85,1,69.2,30.5,4,0
F,4.74517395982783,2,78.9,34,18,0
F,2.88517395982783,0,72,36.6,17,0
M,2.07,0,76.1,40.4,6,0
F,3.25517395982783,1,43.7,42,12,0
M,5.47,0,82.3,38,10,0
F,7.24517395982783,1,96.1,33.2,27,0
M,6.91,1,84,32.8,6,0
F,3.28517395982783,0,64.2,31.9,31,0
M,3.52,2,57.8,38.5,5,0
M,3.2,1,71.3,28.8,6,0
M,6.62,0,56.2,27.3,6,0
F,0.685173959827833,1,76.7,30,34,0
M,8.6,1,61.7,34.4,7,0
F,4.56517395982783,1,79.5,40.9,16,0
F,3.81517395982783,1,84.3,39,9,0
F,6.62517395982783,2,43.6,41.9,57,0
F,8.35517395982783,0,71.5,28.8,21,0
F,6.63517395982783,2,59.6,33.6,15,0
M,8.13,1,51.1,35.4,5,0
M,5.84,0,60.6,37.6,8,0
F,8.84517395982783,1,65.4,44.2,37,0
F,8.88517395982783,1,80.4,38.9,40,0
F,5.52517395982783,2,49.7,43.6,17,0
M,9.1,1,80.6,35.4,2,0
M,5.91,0,92.2,42.4,5,0
M,5.72,1,75.2,27.3,6,0
M,3.2,1,74.6,38.4,7,0
M,4.78,2,67.8,36.4,1,1
M,7.44,0,53.9,43.1,6,0
M,2.22,2,74.4,35.7,4,0
F,7.39517395982783,2,72.6,42.3,14,0
F,6.64517395982783,0,76.8,40.9,21,0
F,6.46517395982783,1,98.8,32.8,20,0
M,0,0,76.7,36.9,6,0
F,5.51517395982783,1,73.1,35.8,26,0
F,7.39517395982783,0,86.7,38.4,37,0
M,3.59,2,51.9,45.6,10,0
F,6.00517395982783,0,54.3,50.6,20,0
F,0.275173959827833,1,63.5,41,9,0
F,7.45517395982783,1,60.1,35.9,31,0
F,4.11517395982783,0,76.3,37.6,23,0
M,7.68,0,64.2,39.8,3,0
F,1.16517395982783,2,88.9,39.1,12,0
F,7.50517395982783,0,86.2,35.3,16,0
F,5.18517395982783,0,77.2,40.9,47,0
M,7.52,0,63.4,38.7,8,0
F,3.46517395982783,1,75.4,43.1,46,0
M,3.95,1,77.7,32.7,6,0
F,11.3851739598278,0,55.2,51.3,29,0
F,3.70517395982783,1,72.2,45.7,19,0
M,3.73,1,76.5,35.8,7,0
F,5.08517395982783,1,70.6,38.4,40,0
M,2.94,1,86.9,25.1,3,0
F,8.75517395982783,0,82.6,32.8,16,0
F,10.0851739598278,0,58.1,29.3,39,0
M,3.74,1,69.5,29.9,3,0
F,1.45517395982783,1,58,42.5,10,0
M,8.43,1,75,38.9,9,0
M,8.27,2,57.6,24.3,5,0
M,7.55,0,79.1,35.6,10,0
F,8.66517395982783,2,72.7,43.9,22,0
M,3.33,1,79.7,35.1,4,0
M,5.08,2,66.3,37.3,4,1
M,2.04,2,50.5,24.8,2,0
F,2.22517395982783,0,89.2,45.5,22,0
M,7.95,2,65.9,22.8,2,0
M,3.82,1,84.5,41.7,6,0
F,11.4751739598278,1,73.2,38.5,53,0
F,5.96517395982783,2,76.1,36.7,30,0
F,4.17517395982783,1,90,36.1,10,0
M,7.49,1,72.1,35.7,4,1
M,10,0,84.8,37.5,6,0
M,6.72,1,50.2,44.7,6,0
M,2.46,0,78.5,36,4,0
M,6.43,1,65.1,23.2,3,0
M,8.94,1,66.4,33.1,5,0
M,4.27,2,68.1,39.9,4,1
M,3.57,1,72.2,32.4,6,0
M,8.04,1,87.9,33.2,5,0
F,6.12517395982783,0,45.8,41.6,39,0
M,2.74,0,68.5,31.4,5,0
F,4.82517395982783,2,59.4,24.2,51,0
M,3.61,0,82,43.8,5,0
M,6.24,2,62.9,42.5,7,1
F,6.04517395982783,1,73.5,26.1,24,0
M,8.38,1,63.2,24.1,6,0
M,7.27,1,76,46.4,9,0
F,1.86517395982783,1,80.2,21.7,8,0
F,6.79517395982783,1,63.2,33.9,20,0
F,8.01517395982783,1,68.6,35.8,24,0
F,6.91517395982783,1,51,43.7,20,0
F,8.35517395982783,0,71.7,36.8,22,0
F,4.40517395982783,0,78.3,39.7,26,0
M,3.12,1,61.3,30.4,4,0
F,8.10517395982783,0,81.4,35.8,19,0
M,2.84,1,43.1,47.2,9,0
M,0.1,1,45.8,27.1,3,0
M,8.06,1,51.3,41.6,12,0
F,3.96517395982783,0,62.2,33.6,12,0
F,5.00517395982783,1,68.2,29.9,24,0
M,2.01,1,67.1,31.6,8,0
F,2.46517395982783,0,67.2,38,20,0
F,2.88517395982783,2,76.7,36.3,13,0
M,4.6,1,62.3,34.1,7,0
M,6.42,0,52.8,40.3,4,0
F,0.275173959827833,1,53.1,30.2,22,0
F,7.65517395982783,1,93.4,33.2,42,0
M,2.55,1,39.8,30.6,2,0
F,3.10517395982783,1,65.9,30.1,20,0
M,7.19,2,85.5,36.9,5,1
F,5.58517395982783,1,73.8,31.4,14,0
M,1.66,1,58,36.8,5,0
F,10.3851739598278,2,68,44,38,1
M,3.35,1,78.4,42.1,5,0
F,6.39517395982783,0,82.5,38.8,21,0
M,6,0,57.2,43.2,8,0
M,9.03,1,77.1,46.3,8,1
F,4.63517395982783,2,71,39.7,18,0
F,8.29517395982783,1,81.3,30.8,36,0
M,3.65,0,84.7,36.8,7,0
M,8.31,2,63.9,37.5,5,1
F,3.86517395982783,1,50.6,33.1,58,0
M,4.59,0,72.8,31.6,1,0
M,10.24,1,89.3,30.4,3,1
M,6.29,0,76.2,27.1,13,0
F,6.04517395982783,0,70.8,43.8,17,0
M,11.11,1,96.8,33.6,5,1
M,6.4,1,55.5,35.9,11,1
M,3.46,2,78.8,35.1,10,1
F,7.61517395982783,0,61.2,32.4,33,0
M,2.55,2,68.6,38.4,7,0
M,8.32,1,69.1,26.9,5,0
F,8.78517395982783,0,86.2,32.8,27,0
F,4.34517395982783,1,56.8,40.5,29,0
M,3.93,1,61.6,45.4,5,0
M,5.94,0,48.9,36.8,8,0
F,5.81517395982783,0,73.8,43.6,15,0
M,3.06,2,62.5,41.6,4,1
F,7.19517395982783,0,73.1,43.9,30,0
M,0.4,1,55.1,37.1,5,0
M,4.42,1,63.7,29.7,10,0
F,4.76517395982783,2,80.5,37.8,15,0
F,5.09517395982783,1,65.9,32.8,8,0
F,6.54517395982783,1,75.5,38.7,37,0
F,2.70517395982783,2,74.3,39.6,16,0
F,7.24517395982783,1,63.8,35.2,23,0
F,5.32517395982783,1,49.3,35.1,17,0
F,4.14517395982783,0,79.8,41.1,19,0
F,2.35517395982783,1,70,48.3,14,0
M,2.54,1,79.8,33,11,0
F,6.67517395982783,2,43.8,26.5,14,0
M,3.09,1,48.1,21,6,0
M,5.66,0,42.3,36.3,3,0
F,8.42517395982783,1,57.5,36.8,32,0
M,8.08,2,80.5,34.6,3,0
M,9.4,0,74.8,42.3,9,0
F,5.03517395982783,0,67.6,27,15,0
F,3.06517395982783,0,69.6,36.9,18,0
M,8.05,2,77.1,24.5,4,0
M,6.27,0,64.4,34.5,11,0
M,8.31,0,72.8,33.2,4,0
F,5.80517395982783,0,69.7,34.7,25,0
M,8.49,2,41.8,27.4,6,1
M,7.62,1,63.4,26.2,6,0
M,7.29,1,84.3,27.9,3,0
F,7.03517395982783,1,63.2,48.7,30,0
M,6.49,1,66.3,40.9,5,0
F,6.35517395982783,1,60.7,39.8,24,0
M,6.06,1,62.2,40.9,4,0
F,8.25517395982783,1,81.5,30.1,8,0
F,4.49517395982783,0,64.8,45.9,6,0
M,9.84,0,55.7,26.4,7,0
M,5.23,1,30.7,34,7,0
M,7.96,0,61.1,37.8,3,0
M,5.27,0,44.4,37,5,0
F,5.15517395982783,2,46.1,27.3,70,0
F,10.8551739598278,1,77.5,40.7,44,0
F,5.00517395982783,0,76.5,47.4,20,0
F,2.58517395982783,1,45,38.9,29,0
F,3.98517395982783,1,78.2,40.9,24,0
M,4.71,0,73.5,25.9,13,0
M,10.89,0,58.6,31.4,6,0
M,6.02,1,76.8,26.4,8,0
M,7.84,0,48.5,41.1,4,0
F,3.27517395982783,2,53.5,39.8,18,0
M,6.38,1,50.7,50.6,12,0
M,7.18,1,54.7,34.7,11,0
M,10,2,78.5,22.1,3,1
M,3.76,0,52,39.9,3,0
M,7.01,0,54.2,44.3,5,0
F,6.53517395982783,2,56.6,35.8,9,0
M,2.95,1,70.3,43.9,3,0
M,5.45,0,63.9,36,7,0
F,5.11517395982783,1,78.3,38.4,26,0
M,0,1,59.5,38.2,3,0
M,7,1,52.5,35.6,2,0
F,7.12517395982783,0,62,27.7,15,0
M,4.4,0,68.4,39.3,10,0
M,2.15,1,56.8,40.6,11,0
F,9.47517395982783,0,71.3,40.1,32,0
F,6.43517395982783,0,89.7,32.5,16,0
F,8.31517395982783,1,60.9,41.8,26,0
M,9.03,1,68.4,30.5,4,0
M,4.2,0,84.1,31.5,5,0
M,7.53,2,60.1,32.9,5,0
F,5.17517395982783,1,57.7,34.8,29,0
M,5.34,2,54.7,33.6,7,1
M,5.29,1,72.6,36.2,4,0
F,5.77517395982783,1,74,36.1,36,0
F,8.55517395982783,1,66,35.4,51,0
F,6.08517395982783,1,68.3,31.8,26,0
M,5.12,0,83.1,41.7,5,0
M,4.81,0,78.2,27.2,8,0
F,6.62517395982783,2,51,39.9,49,0
F,3.53517395982783,0,67.6,35.1,21,0
F,4.51517395982783,1,69,30.4,16,0
M,5.37,1,76.4,40.5,7,0
M,4.09,0,65,33.8,8,0
F,5.47517395982783,1,60,33.9,8,0
F,4.24517395982783,2,62.2,35.6,17,0
M,10.51,0,46.4,21,5,0
M,8.82,0,67.4,32.6,7,0
M,6.62,2,60.5,33.4,3,1
F,5.64517395982783,0,73.3,39.1,16,0
F,11.2551739598278,0,55.3,37.9,25,0
F,6.58517395982783,2,62.4,33.8,18,1
M,5.28,0,55.9,38.3,4,0
M,6.26,2,54.8,38.5,5,0
F,6.53517395982783,2,76,38.3,20,0
M,9.03,2,62,35,7,1
F,5.72517395982783,0,72.9,50.1,22,0
M,10.75,0,54.2,30.1,3,0
F,3.56517395982783,1,68.7,35,14,0
M,7.24,2,47.3,40.7,6,0
F,3.27517395982783,0,61.8,21,26,0
M,10.04,0,61.5,30.9,9,0
M,4.67,0,74.5,27.9,4,0
M,5.35,0,69.7,31.2,5,0
F,8.08517395982783,1,65.4,29.7,14,1
F,8.91517395982783,1,77.6,32.6,25,1
F,2.99517395982783,1,69.8,43.7,8,0
F,4.90517395982783,0,74,43.9,21,0
F,2.28517395982783,0,76.7,33.6,42,0
F,6.11517395982783,0,66.7,37.9,14,0
M,5.25,0,64,31.8,15,0
F,4.90517395982783,0,71.4,35.9,14,0
M,3.79,2,62.5,34.3,2,1
F,4.81517395982783,1,72.1,29,30,0
F,3.90517395982783,0,80.8,37,30,0
F,7.09517395982783,1,77.7,38.7,31,0
M,9.29,2,62.9,32.3,10,0
F,0.945173959827833,1,52.1,30.1,41,0
F,5.48517395982783,1,66.8,37.9,44,0
M,4.45,1,65.9,32.8,4,0
F,7.00517395982783,1,80.7,43.3,19,0
M,3.12,0,62.9,39.4,10,0
M,5.13,2,64.9,39.8,3,1
F,3.17517395982783,2,76.3,26.2,18,0
M,7.24,1,61.7,38.2,8,0
F,6.02517395982783,2,65.5,37.7,12,0
F,5.37517395982783,1,88,41.2,8,0
F,6.70517395982783,1,85.3,42.7,11,0
M,4.88,0,75,33.1,3,0
M,1.62,0,70.7,31,4,0
F,7.26517395982783,0,55.8,29.8,36,0
M,6.22,2,74.1,33.6,10,1
M,5.11,2,68.1,34.1,3,1
F,8.23517395982783,2,70.1,34.2,31,1
M,8.55,2,61.2,40,7,1
M,2.77,2,67.3,33.3,4,0
F,3.82517395982783,1,65.2,36.7,32,0
M,9.37,1,71.2,27.8,6,0
F,9.32517395982783,0,84.5,42.9,9,0
F,3.92517395982783,1,71.8,48.3,22,0
F,2.82517395982783,0,47.6,37.9,24,0
M,3.91,2,55.8,30,7,0
F,4.52517395982783,2,48.5,44.2,11,0
M,1.54,0,57.9,45.6,7,0
M,5.58,1,74.1,29.4,6,0
F,2.57517395982783,2,72.2,35.5,42,0
M,2.47,0,60.3,27.4,4,0
M,7.79,1,70.6,33.2,5,0
M,3.79,1,58.4,45.6,8,0
M,5.32,1,50.4,35.6,12,0
M,7.07,2,50.6,36.8,4,1
M,7.53,1,57.1,25.5,8,0
F,4.93517395982783,0,84.4,34.4,19,0
M,5.61,1,51.4,26,4,0
F,3.71517395982783,1,82.3,43,51,0
M,9.87,0,83.3,35,5,0
M,7.12,0,65.2,32.3,4,0
M,2.74,1,66.8,37.3,9,0
F,5.78517395982783,0,60.1,46.3,46,0
M,7.28,0,67.1,28.4,5,0
M,6.7,1,75.3,41.3,7,0
M,10.07,2,67.5,43.1,3,1
F,9.20517395982783,1,79.3,47.8,32,0
M,4.15,1,81.6,25.7,4,0
F,5.55517395982783,1,71.5,32.2,6,0
F,2.57517395982783,1,71.3,30.5,17,0
M,6.12,1,66.7,36.5,4,0
M,5.88,0,71.5,33.3,13,0
F,12.5351739598278,2,54,46.6,30,1
F,6.01517395982783,0,72.2,23.8,21,0
F,0.545173959827833,0,69.8,35.2,20,0
F,4.09517395982783,1,57.1,32.8,17,0
F,6.05517395982783,1,93.2,45,7,0
M,2.36,1,55.7,43.7,2,0
M,3.33,0,57,36.4,6,0
M,4.59,2,70.7,40.7,12,0
M,6.35,1,44.2,34.5,13,0
F,5.36517395982783,2,57.9,37.3,21,0
F,3.55517395982783,1,49.1,39.7,5,0
F,7.74517395982783,0,55.8,37.6,39,0
F,4.42517395982783,0,65.8,35,24,0
M,4.25,1,71.2,36.9,7,0
F,2.32517395982783,1,80.6,40,14,0
F,3.80517395982783,1,77,30.9,26,0
M,7.13,0,81.5,47.8,14,0
F,1.73517395982783,0,74.4,30.3,31,0
F,5.59517395982783,1,61.7,33.9,14,0
M,7.29,0,80.7,47.5,3,0
M,4.56,2,61.5,24.8,5,1
F,6.37517395982783,0,60,35.3,14,0
M,2.71,2,85.7,37.3,12,0
F,9.05517395982783,2,76.8,32.1,25,1
F,8.52517395982783,1,70,37.2,9,0
M,6.09,1,76.4,36.4,4,1
F,1.38517395982783,1,77.9,49.8,29,0
F,3.16517395982783,1,51,34.9,62,0
M,7.94,2,66.2,28.6,7,1
M,9.78,2,53.2,30.4,7,1
F,6.51517395982783,0,68.8,41.9,38,0
M,8.62,2,59.3,36.1,7,0
F,4.25517395982783,0,83.6,34.7,19,0
M,5.03,0,73.6,40.7,6,0
F,5.77517395982783,1,57.6,43.5,25,0
F,6.83517395982783,0,67.1,29.6,17,0
F,1.95517395982783,1,52.8,41.9,31,0
M,7.85,1,67.8,38.1,8,0
F,9.08517395982783,1,73.9,38.6,31,0
M,2.63,2,70.5,32.5,8,0
M,2.11,2,44.2,28.6,5,0
M,6.38,0,63.3,22.4,1,0
F,4.13517395982783,0,73.4,39,15,0
M,0,1,71,44.2,1,0
M,7.52,0,81.2,31.7,8,0
M,5.89,1,51.9,29.8,5,0
F,4.58517395982783,1,73.6,28.9,13,0
F,11.0551739598278,0,59.5,33.7,28,0
F,6.12517395982783,1,69.7,44.7,23,0
F,3.89517395982783,1,72.2,27.3,23,0
M,5.75,1,75.6,37,10,0
F,3.17517395982783,0,60.4,34.1,13,0
F,3.87517395982783,1,69.5,39.2,12,0
F,6.74517395982783,0,53.3,48.3,23,0
F,4.38517395982783,2,50.4,43.8,33,0
F,4.64517395982783,1,74,44.7,18,0
M,9.67,0,66.7,34.5,5,0
F,7.92517395982783,2,47.9,33.7,19,0
F,7.78517395982783,1,57.1,37.6,21,0
M,6.82,0,67.5,34.9,6,0
F,6.98517395982783,1,86,32,24,0
F,9.41517395982783,1,79.8,34.6,19,0
M,5.45,2,76.9,38.9,5,1
M,10.14,0,45.9,32.1,3,0
M,3.12,1,66.1,28.7,4,0
F,5.13517395982783,2,73,37.2,11,0
F,2.32517395982783,1,72,31.9,43,0
F,4.91517395982783,2,72.3,44.4,27,0
F,7.07517395982783,0,64.5,36.7,23,0
F,9.40517395982784,1,88.4,34.3,22,1
F,4.11517395982783,0,85,31.2,29,0
M,5.51,2,66.2,34.1,2,0
F,4.87517395982783,1,55.5,44,16,0
F,3.92517395982783,0,91.9,40.4,34,0
M,2.53,0,60.7,35.4,3,0
F,5.92517395982783,1,81.7,34.7,21,0
F,1.44517395982783,0,90.2,29.2,28,0
F,6.05517395982783,1,56,41.2,24,0
M,5.55,1,70.8,28.5,5,0
M,3.86,0,63.1,28.4,12,0
M,2.97,0,73.5,28.7,4,0
M,2.04,1,71.1,39.9,8,0
F,10.4551739598278,0,90.6,35.5,35,0
F,2.42517395982783,2,74.4,42.1,37,0
M,9.39,0,67.2,43.3,10,0
M,7,1,80.8,42.6,4,0
M,4.59,0,64,29.5,7,0
M,2.61,1,62.9,30.8,6,0
M,8.11,1,94.2,27.3,6,1
F,10.0951739598278,0,57.4,36.5,20,0
M,3.16,1,61.4,46,5,0
F,5.02517395982783,2,67.8,44.9,11,0
F,8.40517395982784,1,54.6,36.1,17,0
M,6.34,1,42,32.1,17,0
M,10.5,0,80,34.8,2,0
M,4.07,0,57.9,32.1,7,0
M,6.86,1,60.8,36,3,0
F,2.64517395982783,2,62.8,45.9,13,0
F,11.0151739598278,0,55.5,41.2,14,0
M,3.67,0,54.4,28.7,8,0
M,0,1,69.2,31.3,13,0
F,5.46517395982783,1,96.1,28.4,12,0
M,5.15,1,76.1,29.5,8,0
F,10.5651739598278,2,76.3,34.7,21,1
F,4.92517395982783,1,49.2,45.8,46,0
M,5.47,2,67,21,2,1
F,7.25517395982783,1,53.1,38.1,11,0
F,9.74517395982783,1,76.6,33.3,55,0
F,5.61517395982783,2,64.6,37,19,1
M,8.1,0,67.8,36.5,7,0
M,6.8,1,66.2,39.4,17,0
M,4.76,0,60.3,40.8,13,0
M,5.69,1,49,44.4,6,0
F,5.84517395982783,0,74.2,43.4,29,0
F,3.48517395982783,1,50.7,38.7,24,0
M,8.53,0,53.1,40.7,13,0
M,2.04,1,63.7,34.6,6,0
F,8.70517395982783,1,58.8,35.3,34,0
F,8.16517395982783,2,70.4,26.3,10,1
M,5.27,2,79.4,38.3,8,0
M,3.59,1,70.3,31.8,5,0
F,5.20517395982783,1,69.7,46.6,40,0
M,6.68,0,67.6,39.8,9,0
M,7.36,0,77.6,33.3,7,0
F,6.49517395982783,1,45.1,30.9,22,0
M,7.98,2,71.7,21,7,1
M,4.11,1,56.1,34.8,3,0
F,6.36517395982783,1,52.5,42.8,35,0
F,1.85517395982783,1,67.3,27.2,19,0
F,7.68517395982783,1,62.6,33.2,32,0
M,5.88,1,74.3,35.4,11,0
M,4.46,1,80.5,27.9,3,0
M,8.4,2,39.4,37.8,3,0
M,7.23,1,66.4,42.1,9,0
F,0.275173959827833,2,90.8,31.3,19,0
M,5.6,1,77.7,28.1,8,0
F,2.13517395982783,1,84.6,41.6,45,0
M,8.17,2,68.5,39.5,5,1
F,11.9951739598278,2,50.1,33,15,1
M,4.2,2,53.8,40.2,6,0
M,5.69,1,75.8,29.3,6,1
M,4.87,1,78.8,32.3,4,0
F,6.65517395982783,1,58.5,39.9,18,0
F,7.38517395982783,2,64.1,46.9,10,1
M,8.72,1,70.4,28.4,3,0
F,3.30517395982783,0,46.3,37.2,6,0
F,9.70517395982783,0,63.1,31.2,16,0
F,3.44517395982783,1,86.7,34.6,14,0
M,6.19,1,93.5,31.5,7,0
F,8.67517395982783,2,66,30.5,23,0
M,7.28,1,89.3,34.7,5,0
F,3.42517395982783,1,61,41.5,39,0
M,3.75,1,57.6,42,6,0
F,4.61517395982783,0,40.4,40.7,23,0
M,5.37,0,78.8,31.2,3,0
M,8.37,1,62.8,25.7,5,0
M,2.27,1,95.4,21,4,0
M,6.67,2,71.3,31,6,0
M,7.02,0,69.6,27.1,10,0
F,7.17517395982783,2,45.6,38.3,21,1
M,6.67,0,85.3,36.1,7,0
F,9.57517395982783,1,62.9,30.1,19,0
M,6.72,1,65.4,36.4,2,0
F,7.91517395982783,0,40.8,23.3,21,0
M,6.91,2,78.4,25.5,5,0
M,9.98,2,79.2,37.2,14,1
F,1.02517395982783,2,60,34.4,34,0
M,8.71,0,68.4,33.7,8,0
M,4.85,1,72,33.5,7,0
F,5.07517395982783,1,78.9,34.5,39,0
F,3.35517395982783,2,68.6,30.6,49,0
F,1.10517395982783,0,88,31.1,30,0
F,4.82517395982783,0,64.4,34.2,7,0
M,3.78,2,60,31.9,3,1
F,7.01517395982783,0,61.7,41.2,25,0
M,1.82,0,36.9,40.8,6,0
M,9.08,0,57.6,38.6,4,0
M,6.18,1,79.4,36.1,5,0
M,4.88,1,70.5,41.9,4,0
M,3.73,1,57.5,35.2,2,0
F,3.80517395982783,2,71.5,23.9,18,0
M,2.67,0,43.1,35.8,7,0
F,4.41517395982783,2,63.9,33.5,16,0
M,5.52,2,73.6,38.2,3,1
M,5.06,2,75.7,33.4,7,0
M,1.96,1,58,27.8,8,0
M,4.84,1,78.3,45.6,6,0
F,3.54517395982783,0,89.8,41.9,26,0
M,5.9,2,62.2,40.7,9,1
F,10.4351739598278,1,76.2,23.4,24,0
F,7.33517395982783,1,48.7,35.5,15,0
F,4.99517395982783,1,43.8,36.7,17,0
M,1.44,1,74.7,27.2,3,0
M,1.96,1,67.9,29.1,3,0
F,1.55517395982783,1,69.8,37.1,17,0
F,7.58517395982783,1,60.4,47.4,8,0
F,3.86517395982783,1,63.8,36.3,27,0
F,5.93517395982783,1,77.1,32.4,19,0
F,4.21517395982783,0,88,33.8,12,0
M,5.73,2,64.8,28.6,3,1
F,9.27517395982783,2,47.6,36.7,34,0
F,4.06517395982783,1,82.7,31,46,0
F,4.92517395982783,0,74.6,27.2,22,0
M,3.48,0,75.6,25.9,4,0
F,7.96517395982783,2,69.6,31.7,38,1
F,3.21517395982783,2,95.3,34.8,32,1
M,2.67,0,68.3,37.2,4,0
M,2.03,1,73.6,44,4,0
F,2.25517395982783,0,45.1,46.4,11,0
M,6.68,1,60.4,37.3,4,0
F,12.1951739598278,1,59.1,32.7,13,0
M,3.01,1,67,44.4,5,0
F,8.15517395982783,2,71.6,32.9,16,1
M,6.13,2,58.4,32.5,4,1
M,2.74,0,88.2,36.6,9,0
M,4.81,1,54.6,29.4,13,0
F,5.19517395982783,1,62,28.2,11,0
F,4.04517395982783,0,70.2,44.5,25,0
M,10.33,0,52.4,35.1,6,0
F,1.00517395982783,1,74.2,38.7,31,0
F,6.72517395982783,2,75,41.3,22,0
M,6.33,1,63.9,41.4,1,0
F,4.32517395982783,0,90.3,39.3,32,0
F,6.14517395982783,0,68.4,32.2,23,0
F,7.96517395982783,2,70.8,37.7,26,1
F,6.15517395982783,1,55.9,30.6,6,0
M,6.54,1,47.3,39.3,6,0
M,7.23,1,59.8,41.1,8,0
F,0.695173959827833,2,63.5,39.3,15,0
F,9.47517395982783,1,61.9,43.7,33,0
M,11.2,1,76.6,32.6,5,1
M,7.95,0,38.7,40.5,5,0
M,8.03,1,53.8,43.7,8,0
F,2.25517395982783,0,45.5,52,14,0
M,5.2,0,83.5,38.4,3,0
M,3.47,1,60.6,26.7,6,0
F,4.30517395982783,2,61.2,31.2,18,1
M,7.92,0,54.2,36.7,5,0
F,3.76517395982783,0,78.2,43.9,23,0
M,5.17,0,62.4,36.5,7,0
F,1.00517395982783,1,70.1,41.8,17,0
M,5.1,1,43,31,5,0
M,5.73,0,81.5,28.8,3,0
M,3.74,1,72.1,30.1,4,0
F,3.97517395982783,1,74,29.5,27,0
M,10.22,0,82.2,41.9,3,0
M,2.48,1,65.1,35.8,5,0
F,3.14517395982783,0,65.4,38,22,0
F,3.75517395982783,0,76,44.7,26,0
M,8.5,2,72.5,45,4,1
F,11.0251739598278,0,64.5,32.7,22,0
M,6.33,0,67.9,24.2,3,0
M,3.71,1,61.3,37.5,1,0
M,4.43,1,76,44.6,3,0
M,8.16,0,78.6,46,4,0
M,3.22,2,67.5,31.8,6,0
M,9.13,0,90,44.5,6,0
F,9.31517395982783,1,48.9,39.1,18,0
M,5.68,2,64.6,41.6,4,1
F,7.39517395982783,2,88,35.5,82,1
M,7.37,2,62.3,42.1,4,1
F,9.66517395982783,1,48.2,38.6,26,0
M,2.87,1,84.2,36.3,7,0
M,8.45,2,74,41.1,5,1
F,4.83517395982783,0,53.1,32.1,20,0
M,3.58,2,76.7,40.5,1,1
M,5.76,0,55.1,31.4,6,0
F,5.23517395982783,1,51.3,37.1,11,0
M,3.03,0,65.6,21,9,0
F,1.78517395982783,0,61.6,39.4,15,0
M,3.14,0,54.2,41.9,9,0
F,9.40517395982784,2,63,33.3,42,1
F,10.6851739598278,0,55.3,31.5,23,0
F,7.40517395982783,2,68.1,36.1,16,0
M,8.46,0,67.2,41.4,4,0
M,4.21,0,76.4,39.5,2,0
M,5.31,0,62,32.6,5,0
F,6.48517395982783,2,51.4,33.5,33,0
M,2.8,0,51.6,32.6,4,0
F,3.30517395982783,2,64.5,36.7,17,1
F,6.01517395982783,0,85.9,32,47,0
M,4.7,2,77.6,25.6,8,1
F,3.11517395982783,1,59.7,41.9,38,0
M,6.47,0,78.8,44.8,3,0
M,4.84,1,53.5,34.6,3,0
F,8.32517395982783,0,79.6,38.1,11,0
M,5.49,1,62.8,40.1,5,0
F,5.02517395982783,0,76.7,28,39,0
M,5.82,1,74.9,33,5,0
F,5.34517395982783,1,64.1,45.2,21,0
F,4.10517395982783,0,71.4,31.5,31,0
M,4.5,0,54.6,21,3,0
F,7.64517395982783,2,66.5,34.5,11,1
F,7.39517395982783,0,80.5,43.4,16,0
M,8.72,0,100,39.9,12,0
F,1.54517395982783,0,75.9,31.7,49,0
M,4.52,1,68.5,42.4,5,0
M,4.46,1,55.3,46.3,4,0
M,5.93,1,80.2,34.4,6,0
F,4.64517395982783,0,47.5,48.9,6,0
M,4.22,0,57.8,32.2,10,0
M,7.46,1,71.8,36,6,0
M,5.95,0,52.9,28.9,6,0
M,2.58,0,86,29.9,3,0
F,9.11517395982783,1,80.6,22.5,26,0
M,7.99,0,60.6,38.8,3,0
M,4.07,1,60.8,33.7,9,0
M,7.58,0,51.6,31.9,5,0
M,3.66,0,50.6,37.4,5,0
M,8.31,1,72.8,33,3,1
F,5.23517395982783,0,75,21,13,0
M,3.49,2,71.7,49.5,7,0
F,4.84517395982783,1,70.6,37.8,15,0
F,3.86517395982783,1,60.7,27.9,21,0
F,6.25517395982783,1,71.8,37,2,0
M,5.94,2,49.7,33.3,7,0
M,5.59,0,67.5,44.4,6,0
M,4.11,2,85.2,39.3,4,1
F,0.275173959827833,2,83.4,31.4,55,0
F,6.00517395982783,0,61.9,34.7,11,0
F,1.03517395982783,0,63.4,38.2,14,0
M,6.11,1,84,40.9,4,0
M,8.33,0,89,37.2,4,0
M,6.18,0,49.4,34.2,2,0
M,4.53,0,62.3,35.1,8,0
M,5.05,1,70.3,31.4,3,0
F,5.44517395982783,2,82.1,37.1,10,0
F,4.40517395982783,2,57.4,35,22,0
M,4.04,1,75.2,37.3,9,0
M,3.19,1,63.8,40.9,7,0
M,8.47,2,96.1,21,2,1
F,5.73517395982783,1,72.6,33.7,11,0
F,8.16517395982783,2,65.8,35.2,29,1
F,5.14517395982783,1,63.4,32.4,14,0
M,5.68,1,80.2,27.4,2,0
M,5.07,1,75.6,27.8,4,0
M,6.66,0,54.4,38.9,6,0
F,7.84517395982783,0,70.1,43.6,13,0
F,6.37517395982783,0,51.3,30.1,25,0
M,3.82,2,58.4,38.8,6,0
M,3.55,2,51.9,32.5,7,1
M,9.65,1,51.5,44,13,0
M,4.8,0,59.2,32.7,3,0
M,4.77,0,55.7,38.2,6,0
M,9.16,1,73.8,39.8,5,0
M,8.22,1,77.1,34,7,0
F,7.10517395982783,0,64.6,38.2,27,0
F,4.77517395982783,0,54,38.5,14,0
M,11.38,1,77.2,41.2,6,0
F,6.75517395982783,1,43.1,25.8,24,0
M,6.87,0,44.2,32.8,5,0
M,5.07,0,76.2,34.9,5,0
M,1.96,0,75.4,35.6,6,0
F,2.43517395982783,1,79.2,38.4,16,0
M,6.52,1,64.9,39.5,3,0
F,6.75517395982783,1,52.3,43.3,21,0
M,4.9,2,61.3,43.6,6,0
M,2.57,1,74.3,30.4,2,0
F,2.17517395982783,0,58.2,35.2,45,0
F,4.95517395982783,1,59,40.5,38,0
M,1.86,2,50.7,26.7,2,0
M,7.75,2,53.4,39,4,1
F,8.65517395982784,0,77.6,36.1,13,0
M,12.57,0,72.9,22.4,2,0
F,7.97517395982783,1,53.5,37.5,28,0
F,4.29517395982783,2,54.4,41.6,31,0
M,3.32,1,60.7,35.3,4,0
M,0,1,74.1,38.4,6,0
M,4.01,0,53.4,24.4,2,0
F,5.33517395982783,2,65.4,35.5,53,0
M,7.92,0,41.6,29.9,4,0
M,7.03,1,52.3,33.1,3,0
M,6.97,1,72.5,34.3,6,0
F,6.30517395982783,2,78.3,39.9,34,1
M,7.15,2,53.5,35,5,1
M,9.12,1,58.1,37.4,9,0
F,3.11517395982783,0,77.1,27.2,8,0
F,4.63517395982783,2,62.8,37.1,8,1
M,2.03,1,60.9,39.1,3,0
F,9.82517395982783,0,73.7,25.9,27,0
M,8.74,0,69.8,25.5,5,0
F,7.65517395982783,2,80.9,34,31,1
F,2.77517395982783,2,77,32.4,11,0
