r(Ã…)	g(r)
0.0	0.0
0.01	0.0
0.02	0.0
0.03	0.0
0.04	0.0
0.05	0.0
0.06	0.0
0.07	0.0
0.08	0.0
0.09	0.0
0.1	0.0
0.11	0.0
0.12	0.0
0.13	0.0
0.14	0.0
0.15	0.0
0.16	0.0
0.17	0.0
0.18	0.0
0.19	0.0
0.2	0.0
0.21	0.0
0.22	0.0
0.23	0.0
0.24	0.0
0.25	0.0
0.26	0.0
0.27	0.0
0.28	0.0
0.29	0.0
0.3	0.0
0.31	0.0
0.32	0.0
0.33	0.0
0.34	0.0
0.35	0.0
0.36	0.0
0.37	0.0
0.38	0.0
0.39	0.0
0.4	0.0
0.41	0.0
0.42	0.0
0.43	0.0
0.44	0.0
0.45	0.0
0.46	0.0
0.47	0.0
0.48	0.0
0.49	0.0
0.5	0.0
0.51	0.0
0.52	0.0
0.53	0.0
0.54	0.0
0.55	0.0
0.56	0.0
0.57	0.0
0.58	0.0
0.59	0.0
0.6	0.0
0.61	0.0
0.62	0.0
0.63	0.0
0.64	0.0
0.65	0.0
0.66	0.0
0.67	0.0
0.68	0.0
0.69	0.0
0.7	0.0
0.71	0.0
0.72	0.0
0.73	0.0
0.74	0.0
0.75	0.0
0.76	0.0
0.77	0.0
0.78	0.0
0.79	0.0
0.8	0.0
0.81	0.0
0.82	0.0
0.83	0.0
0.84	0.0
0.85	0.0
0.86	0.0
0.87	0.0
0.88	0.0
0.89	0.0
0.9	0.0
0.91	0.0
0.92	0.0
0.93	0.0
0.94	0.0
0.95	0.0
0.96	0.0
0.97	0.0
0.98	0.0
0.99	0.0
1.0	0.0
1.01	0.0
1.02	0.0
1.03	0.0
1.04	0.0
1.05	0.0
1.06	0.0
1.07	0.0
1.08	0.0
1.09	0.0
1.1	0.0
1.11	0.0
1.12	0.0
1.13	0.0
1.14	0.0
1.15	0.0
1.16	0.0
1.17	0.0
1.18	0.0
1.19	0.0
1.2	0.0
1.21	0.0
1.22	0.0
1.23	0.0
1.24	0.0
1.25	0.0
1.26	0.0
1.27	0.0
1.28	0.0
1.29	0.0
1.3	0.0
1.31	0.0
1.32	0.0
1.33	0.0
1.34	0.0
1.35	0.0
1.36	0.0
1.37	0.0
1.38	0.0
1.39	0.0
1.4	0.0
1.41	0.0
1.42	0.0
1.43	0.0
1.44	0.0
1.45	0.0
1.46	0.0
1.47	0.0
1.48	0.0
1.49	0.0
1.5	0.0
1.51	0.0
1.52	0.0
1.53	0.0
1.54	0.0
1.55	0.0
1.56	0.0
1.57	0.0
1.58	0.0
1.59	0.0
1.6	0.0
1.61	0.0
1.62	0.0
1.63	0.0
1.64	0.0
1.65	0.0
1.66	0.0
1.67	0.0
1.68	0.0
1.69	0.0
1.7	0.0
1.71	0.0
1.72	0.0
1.73	0.0
1.74	0.0
1.75	0.0
1.76	0.0
1.77	0.0
1.78	0.0
1.79	0.0
1.8	0.0
1.81	0.0
1.82	0.0
1.83	0.0
1.84	0.0
1.85	0.0
1.86	0.0
1.87	0.0
1.88	0.0
1.89	0.0
1.9	0.0
1.91	-0.0002169599067112492
1.92	-0.0008518716832625676
1.93	-0.0018807834142803112
1.94	-0.0032797431843908367
1.95	-0.0050247990782204995
1.96	-0.007091999180395657
1.97	-0.009457391575542665
1.98	-0.012097024348287879
1.99	-0.014986945583257659
2.0	-0.018103203365078348
2.01	-0.021421845778376244
2.02	-0.02491892090777792
2.03	-0.028570476837909423
2.04	-0.03235256165339744
2.05	-0.036241223438867994
2.06	-0.04021251027894776
2.07	-0.04424247025826278
2.08	-0.04830715146143975
2.09	-0.05238260197310463
2.1	-0.05644486987788419
2.11	-0.06047000326040442
2.12	-0.06443405020529203
2.13	-0.06831305879717298
2.14	-0.07208307712067402
2.15	-0.07572015326042117
2.16	-0.07920033530104109
2.17	-0.08249967132715982
2.18	-0.08559420942340405
2.19	-0.08845999767439983
2.2	-0.09107308416477376
2.21	-0.09340951697915197
2.22	-0.09544534420216105
2.23	-0.09715661391842717
2.24	-0.09851937421257681
2.25	-0.0995096731692362
2.26	-0.1001035588730318
2.27	-0.10027707940858999
2.28	-0.10000628286053703
2.29	-0.0992672173134993
2.3	-0.09803593085210321
2.31	-0.09628847156097514
2.32	-0.09400088752474134
2.33	-0.09114922682802817
2.34	-0.08770953755546218
2.35	-0.08365786779166923
2.36	-0.0789702656212764
2.37	-0.07362277912890941
2.38	-0.06759145639919517
2.39	-0.06085234551675939
2.4	-0.05338149456622909
2.41	-0.04596291557093857
2.42	-0.03951983959999367
2.43	-0.03410688934558226
2.44	-0.029689356754617258
2.45	-0.02606245704612742
2.46	-0.022904125602797087
2.47	-0.019788312121210738
2.48	-0.016181639081473964
2.49	-0.011407643676258794
2.5	-0.004552538303118414
2.51	0.005196934623699856
2.52	0.018785620342106013
2.53	0.03721272356128913
2.54	0.061493571480984555
2.55	0.09282219076735099
2.56	0.13232864658846571
2.57	0.18069301562491724
2.58	0.2387118533032645
2.59	0.3070527755733942
2.6	0.3862268537361747
2.61	0.4770669918226294
2.62	0.579341345635437
2.63	0.6927724728196349
2.64	0.8169942638864613
2.65	0.9514055205601759
2.66	1.0952301450695714
2.67	1.247697100835877
2.68	1.406985570206759
2.69	1.5715705343891673
2.7	1.7397647560868696
2.71	1.909736701922625
2.72	2.079513194939672
2.73	2.2468832082230175
2.74	2.4097615112176336
2.75	2.566107916894905
2.76	2.71392646574671
2.77	2.85132305177087
2.78	2.97596025844405
2.79	3.086496105782857
2.8	3.181684849986093
2.81	3.2603800704349286
2.82	3.3217002915469602
2.83	3.364867041263811
2.84	3.3888231424075945
2.85	3.394357550763789
2.86	3.3817200543154344
2.87	3.351424806222164
2.88	3.304227004203065
2.89	3.240731397997437
2.9	3.162222661839113
2.91	3.0705517537771176
2.92	2.967253305729307
2.93	2.853965275862738
2.94	2.732385906815009
2.95	2.6040121215711376
2.96	2.4709539233821993
2.97	2.334952335880816
2.98	2.1976254506657273
2.99	2.06047499348284
3.0	1.9249062453623031
3.01	1.7923102935385582
3.02	1.6637114796615877
3.03	1.53998264482083
3.04	1.4218343125021164
3.05	1.309799662607873
3.06	1.2044049059033999
3.07	1.1058487139982676
3.08	1.0140075365404053
3.09	0.9287712071925034
3.1	0.8499248315742484
3.11	0.7771565419869673
3.12	0.7103024096603743
3.13	0.648690449363329
3.14	0.5918078191799891
3.15	0.5391734071945833
3.16	0.4903136430888727
3.17	0.4448070498318608
3.18	0.40229741979880473
3.19	0.36229700816287846
3.2	0.32450243917803145
3.21	0.28866957558968565
3.22	0.25461427409662485
3.23	0.22224945205287883
3.24	0.19149617854634343
3.25	0.1623030522226665
3.26	0.13469252597300346
3.27	0.10871647309654564
3.28	0.08444669314332004
3.29	0.062047574365590774
3.3	0.04154297205395363
3.31	0.022984974545036896
3.32	0.006429105230490562
3.33	-0.008106228358685186
3.34	-0.02059072522616623
3.35	-0.03102665173100333
3.36	-0.03956475639175794
3.37	-0.046325984897690686
3.38	-0.05145778130890388
3.39	-0.05513369722491096
3.4	-0.05751730887470907
3.41	-0.05885332655968756
3.42	-0.05939542806380316
3.43	-0.05935894561280858
3.44	-0.05896062752377129
3.45	-0.05839516328263045
3.46	-0.05783940008211563
3.47	-0.05744482684346952
3.48	-0.05731468635314635
3.49	-0.057512394995198446
3.5	-0.0580582584771257
3.51	-0.058949297166641046
3.52	-0.06012892621378507
3.53	-0.061487714831629015
3.54	-0.06290222954296482
3.55	-0.06422763349727018
3.56	-0.06529798707988516
3.57	-0.06591521046082882
3.58	-0.06589850500433275
3.59	-0.06508035595982781
3.6	-0.06331009415233035
3.61	-0.06044992685268363
3.62	-0.05639338738416827
3.63	-0.050990599063137354
3.64	-0.04426005773748504
3.65	-0.03620527662798634
3.66	-0.02685920831930322
3.67	-0.016294867885524478
3.68	-0.004588141063833984
3.69	0.008145706460048974
3.7	0.02170153204711678
3.71	0.03592002666962313
3.72	0.050621842676094264
3.73	0.06562955615300725
3.74	0.08077845907773806
3.75	0.09589481172592018
3.76	0.11084259086837389
3.77	0.12550868050231756
3.78	0.13982005106007867
3.79	0.153724015284602
3.8	0.16719115468633117
3.81	0.18026315417963024
3.82	0.1929967965506827
3.83	0.2054753853894059
3.84	0.2178062925352907
3.85	0.23011749286593242
3.86	0.2425607912731279
3.87	0.2552742271349976
3.88	0.2683944171650655
3.89	0.28204409282267473
3.9	0.2963274371004756
3.91	0.3113541210341134
3.92	0.32715700868038533
3.93	0.3437243620774666
3.94	0.36101991786798293
3.95	0.3789647608077956
3.96	0.3974382028625426
3.97	0.4162912180948314
3.98	0.4352825863566784
3.99	0.45417293155395266
4.0	0.4726962088299569
4.01	0.4905660235220076
4.02	0.5074609554265829
4.03	0.5230333595378189
4.04	0.5370154110268256
4.05	0.5491242153417353
4.06	0.5590999281091023
4.07	0.5667130932012876
4.08	0.5716703952476943
4.09	0.5738667005812154
4.1	0.5732521756804242
4.11	0.5697856757529606
4.12	0.563479484442971
4.13	0.5543934422889155
4.14	0.5425187291457795
4.15	0.5281761304584579
4.16	0.5115831730607213
4.17	0.4929963709121449
4.18	0.4727044027710334
4.19	0.450997504937667
4.2	0.4282204345250217
4.21	0.4047657354986831
4.22	0.38097681908588044
4.23	0.35719021491304215
4.24	0.3337300540784045
4.25	0.31093296630674916
4.26	0.28908461738503743
4.27	0.26842062176776316
4.28	0.2491507597881547
4.29	0.2314504765213612
4.3	0.2154631628381002
4.31	0.2013765635962017
4.32	0.18916533816977477
4.33	0.17885327984792287
4.34	0.1704316456516941
4.35	0.16386325066717733
4.36	0.15912238696206005
4.37	0.1561342046084888
4.38	0.15473770814154741
4.39	0.15481699244393343
4.4	0.1562470917434261
4.41	0.1588983637000182
4.42	0.16267864879221994
4.43	0.1674208167658625
4.44	0.17298658046665305
4.45	0.17926011051112278
4.46	0.186134176285072
4.47	0.19351517877062374
4.48	0.20133323353081534
4.49	0.20949144571470912
4.5	0.21793214309580422
4.51	0.22661012653942336
4.52	0.23549253202603415
4.53	0.24456405328868736
4.54	0.2538175397525505
4.55	0.26325094289441286
4.56	0.2728784988655065
4.57	0.2827255335442159
4.58	0.2928251024063918
4.59	0.30323553544865955
4.6	0.3139999968064294
4.61	0.32517063785284106
4.62	0.3368076242018423
4.63	0.34897497123658183
4.64	0.3617430894327761
4.65	0.37521136674352285
4.66	0.38941209352048967
4.67	0.40440376551293555
4.68	0.42023795270151243
4.69	0.43695738901158576
4.7	0.4546184191049767
4.71	0.47324257816518256
4.72	0.49279921704087915
4.73	0.513267070026282
4.74	0.5346045657302262
4.75	0.5567486212118364
4.76	0.5796423504868391
4.77	0.6031385882207091
4.78	0.6270897080919119
4.79	0.6513349578213282
4.8	0.6756910431195662
4.81	0.699952922771458
4.82	0.7238778059232762
4.83	0.7472277049408111
4.84	0.7697582401036837
4.85	0.7912187055031377
4.86	0.8113549090809429
4.87	0.8298787465988824
4.88	0.8465238207374922
4.89	0.861114167403866
4.9	0.8734449839590002
4.91	0.8833378568186472
4.92	0.8906459754993585
4.93	0.8951225055235743
4.94	0.8967765029041039
4.95	0.8955869812941424
4.96	0.8915494379695093
4.97	0.8846973962946498
4.98	0.8750695268752143
4.99	0.8626906773537371
5.0	0.8478228554406344
5.01	0.8306479130016937
5.02	0.8113623722691823
5.03	0.7901933670266429
5.04	0.7673448219401608
5.05	0.7431018338181542
5.06	0.7177792293346313
5.07	0.6916600914739444
5.08	0.6650146554248865
5.09	0.6381216312971737
5.1	0.6112548991912032
5.11	0.5846970163461203
5.12	0.5586877686417786
5.13	0.533455345655228
5.14	0.5092093692327182
5.15	0.4861562621903742
5.16	0.46451940418721294
5.17	0.444401757227773
5.18	0.42593152384801247
5.19	0.40921850879225896
5.2	0.3943517023997377
5.21	0.3814595344256807
5.22	0.37058780972293515
5.23	0.36172344803812895
5.24	0.35488100805659517
5.25	0.35005901119800664
5.26	0.34723983766872
5.27	0.3464817426422153
5.28	0.34764813432936426
5.29	0.3506602977798906
5.3	0.3554350229281782
5.31	0.3618747417430177
5.32	0.3698846477711969
5.33	0.3793676097138232
5.34	0.3901138279472752
5.35	0.40196523533387984
5.36	0.4147511057802622
5.37	0.4282896789516071
5.38	0.4424020499092227
5.39	0.45686610411699247
5.4	0.4714628707793921
5.41	0.4859847201678855
5.42	0.5002240619028918
5.43	0.5139765733508519
5.44	0.5270017519709902
5.45	0.5391276731128035
5.46	0.5501851536283109
5.47	0.5600126578106595
5.48	0.5684692709178557
5.49	0.5754101918473189
5.5	0.580689220517273
5.51	0.5842909409973667
5.52	0.5861658447072808
5.53	0.5862891686344411
5.54	0.5846558033055543
5.55	0.5812290865614801
5.56	0.5760744947469196
5.57	0.5692860887939907
5.58	0.5609451708560426
5.59	0.5511421115805955
5.6	0.5399738608764206
5.61	0.527493405875112
5.62	0.5138805403249584
5.63	0.49925629019247053
5.64	0.4837336495243697
5.65	0.4674245736877568
5.66	0.450425692136211
5.67	0.43283033622176303
5.68	0.41475824754007573
5.69	0.39629324734365257
5.7	0.3775114705974446
5.71	0.358481905658412
5.72	0.3392593835222846
5.73	0.31990823762539455
5.74	0.30048389476745474
5.75	0.2810343598245356
5.76	0.26160608676811004
5.77	0.24224464655127975
5.78	0.22300220119974146
5.79	0.20392743117688183
5.8	0.18507137844881627
5.81	0.1664877047078681
5.82	0.14823248348791807
5.83	0.1303704252695399
5.84	0.11297364888631123
5.85	0.09609026548706967
5.86	0.07977887443197418
5.87	0.06409468900146187
5.88	0.049089565189443074
5.89	0.03483469814350448
5.9	0.02135805565779747
5.91	0.0086737245552988
5.92	-0.0031976970930385207
5.93	-0.014254171576797758
5.94	-0.024495264224986824
5.95	-0.03390467710264211
5.96	-0.04254541963301073
5.97	-0.05045974801594155
5.98	-0.057689635826203345
5.99	-0.06429253663264556
6.0	-0.07030753929913836
6.01	-0.0757936683155519
6.02	-0.08082747797367928
6.03	-0.08545593986929234
6.04	-0.08973018020834123
6.05	-0.09368761237428502
6.06	-0.09734314823544321
6.07	-0.10072493217301015
6.08	-0.10383652391336096
6.09	-0.10666595835585402
6.1	-0.10919029455654172
6.11	-0.11137349829977816
6.12	-0.11314891994567589
6.13	-0.11447454528855572
6.14	-0.11529325861797501
6.15	-0.1155395441681848
6.16	-0.11514831162484118
6.17	-0.11404614954621384
6.18	-0.11216448616160501
6.19	-0.10948312468787846
6.2	-0.10597547304874
6.21	-0.10162596899580112
6.22	-0.09643649608085203
6.23	-0.09040026685879232
6.24	-0.08357753656349254
6.25	-0.07604327945253109
6.26	-0.06787414509648382
6.27	-0.05916780331531035
6.28	-0.05002559684561225
6.29	-0.04056108847461526
6.3	-0.030919230169415113
6.31	-0.02122695675514208
6.32	-0.011614454115208561
6.33	-0.0021987284004438834
6.34	0.0068992726422312245
6.35	0.01556976985331604
6.36	0.02374184320065653
6.37	0.03135496859646225
6.38	0.03836866007428441
6.39	0.04476421247221285
6.4	0.050521983896560374
6.41	0.05568683568028765
6.42	0.0603146932228239
6.43	0.06447162099548254
6.44	0.06823772269328277
6.45	0.07170368697004637
6.46	0.0749669477245768
6.47	0.07814455545638266
6.48	0.08133702086631511
6.49	0.08463841672594141
6.5	0.08813393762537214
6.51	0.09190203978719791
6.52	0.09600332312297599
6.53	0.10046104779662257
6.54	0.10528595895149573
6.55	0.11046794045154096
6.56	0.11597494038375711
6.57	0.12176319625745124
6.58	0.1277455553985264
6.59	0.13382802679452688
6.6	0.1399079938621005
6.61	0.14587346357962794
6.62	0.15160598938955216
6.63	0.15696686744459487
6.64	0.16185367154561725
6.65	0.1661631313997355
6.66	0.16980450373899036
6.67	0.17270301274996647
6.68	0.1747816209867984
6.69	0.17600092050614324
6.7	0.17637511610067125
6.71	0.17591852483036663
6.72	0.17466785564503162
6.73	0.17268112122929147
6.74	0.17001160791616388
6.75	0.1667842230601807
6.76	0.16311625210626135
6.77	0.15912759433335577
6.78	0.1549437471598365
6.79	0.15069237845369654
6.8	0.14650877449989164
6.81	0.14251427731050537
6.82	0.13881597158881576
6.83	0.1355081515518971
6.84	0.1326695554947791
6.85	0.13037668998497154
6.86	0.12867573333002724
6.87	0.12757352988593795
6.88	0.12707355182851177
6.89	0.12716163482356502
6.9	0.12780942853429633
6.91	0.1289953825101916
6.92	0.1306440867518731
6.93	0.13268971304413035
6.94	0.1350679202262174
6.95	0.13771314623768882
6.96	0.14056353860622983
6.97	0.14356212747691766
6.98	0.14664985428345834
6.99	0.14978652611564258
7.0	0.15294267589438792
7.01	0.15610031312903971
7.02	0.15925328403345396
7.03	0.16240809857402017
7.04	0.1655818808032269
7.05	0.16880034237603958
7.06	0.1720959261075492
7.07	0.1755055074767936
7.08	0.17907851604535852
7.09	0.1828494558902375
7.1	0.18685282662573
7.11	0.19111838142369542
7.12	0.19566831913471372
7.13	0.2005190395991312
7.14	0.20568231755718214
7.15	0.21113289247348788
7.16	0.21684734011477347
7.17	0.22279014085050208
7.18	0.22891470303862216
7.19	0.23516644114073115
7.2	0.24147271652551006
7.21	0.24775699138716634
7.22	0.25394221797841054
7.23	0.25994934987924545
7.24	0.2656994048203437
7.25	0.27109783875800775
7.26	0.27608295102009894
7.27	0.28059467893621237
7.28	0.2845797736182989
7.29	0.2879954531664489
7.3	0.29080249546559145
7.31	0.29296318443763725
7.32	0.29449693986980774
7.33	0.2954096444711646
7.34	0.2957187242891034
7.35	0.2954512353152622
7.36	0.2946269402151519
7.37	0.2932971514482031
7.38	0.2915227713467009
7.39	0.28935506539996814
7.4	0.2868470266835438
7.41	0.28405136219023597
7.42	0.2810094076546903
7.43	0.27778224248539696
7.44	0.2744133973028118
7.45	0.2709401951975021
7.46	0.2673936125543481
7.47	0.2637988631514926
7.48	0.26017525638258654
7.49	0.2565373170147328
7.5	0.25289265928125315
7.51	0.24924400824444515
7.52	0.24559012899749266
7.53	0.24192603205974206
7.54	0.2382446080425319
7.55	0.234538249324304
7.56	0.23079778300614062
7.57	0.22701444094762568
7.58	0.22317896750065225
7.59	0.21927877976343402
7.6	0.2153089914353039
7.61	0.21126226082932842
7.62	0.20713128477792464
7.63	0.20290932864045075
7.64	0.1985865156208012
7.65	0.19415125763426389
7.66	0.1895985413491369
7.67	0.18491722545516354
7.68	0.1800951730346133
7.69	0.17511873191292904
7.7	0.16996556349201353
7.71	0.16462114149858542
7.72	0.15907241244752712
7.73	0.15330324997998357
7.74	0.14729883074744832
7.75	0.14104667010431005
7.76	0.13452270365781727
7.77	0.1277366631864889
7.78	0.12069060321285374
7.79	0.11339373498175154
7.8	0.1058622422630906
7.81	0.09811762388559286
7.82	0.09019331666345709
7.83	0.08214211154158901
7.84	0.07401728010648911
7.85	0.06588014789340568
7.86	0.05779967253724527
7.87	0.04985823876731199
7.88	0.042140722573849154
7.89	0.03472849291376723
7.9	0.02770557955347741
7.91	0.02115439383506379
7.92	0.015154206361829847
7.93	0.009814159717343895
7.94	0.0051696402501612004
7.95	0.0012729897579479843
7.96	-0.0018352339469932533
7.97	-0.004127706027992395
7.98	-0.005576562629785231
7.99	-0.006173490200004017
8.0	-0.00596820777526208
8.01	-0.004997895259483909
8.02	-0.0033138405778958546
8.03	-0.0009806800365620427
8.04	0.0019428070267428765
8.05	0.005349716745273292
8.06	0.00913467971536508
8.07	0.013196191116428224
8.08	0.017430411148590563
8.09	0.021733179900997324
8.1	0.025995024409418366
8.11	0.03011532623080282
8.12	0.03400509040255495
8.13	0.03758438571394096
8.14	0.0407836144648237
8.15	0.04353517527870121
8.16	0.04578468943670089
8.17	0.047516340849870886
8.18	0.04871274206176446
8.19	0.04936861125569425
8.2	0.04949036950620567
8.21	0.04907586472741188
8.22	0.04816610481980421
8.23	0.046804028631321715
8.24	0.04503007519249502
8.25	0.04288922807927553
8.26	0.04042772246066639
8.27	0.03768406842185845
8.28	0.034722813312391576
8.29	0.031589647348882366
8.3	0.028327928227197097
8.31	0.024977234548969718
8.32	0.021572415964260072
8.33	0.01814718335916432
8.34	0.014729102797220173
8.35	0.011340601388735272
8.36	0.007999481983558376
8.37	0.004720723185492326
8.38	0.0015187492811458148
8.39	-0.001597870952788294
8.4	-0.004623178376346071
8.41	-0.007550600770344307
8.42	-0.010375198851281242
8.43	-0.013091576851369635
8.44	-0.015690369841877327
8.45	-0.018171992900344214
8.46	-0.020532873852279088
8.47	-0.022769298186595788
8.48	-0.02487868218539402
8.49	-0.026856548133502578
8.5	-0.028701771309383783
8.51	-0.030420205225261676
8.52	-0.03201577645368536
8.53	-0.0334949228373741
8.54	-0.03486626294829953
8.55	-0.03613821732091038
8.56	-0.037328147508652654
8.57	-0.03845301931607692
8.58	-0.03953003383605036
8.59	-0.04057709707950119
8.6	-0.041612188608235234
8.61	-0.04265351774288306
8.62	-0.04371623670962921
8.63	-0.044811676991882265
8.64	-0.045947995805850406
8.65	-0.04712785578769918
8.66	-0.04834985829386029
8.67	-0.04960467804519364
8.68	-0.050875419531099086
8.69	-0.05213998846303247
8.7	-0.05337096663783114
8.71	-0.05453486831611787
8.72	-0.05558768989728413
8.73	-0.05648794664824908
8.74	-0.05719295496724397
8.75	-0.05765822271884968
8.76	-0.05784053861595617
8.77	-0.05769627336571381
8.78	-0.05717339473173322
8.79	-0.05625769701809802
8.8	-0.05492783621792874
8.81	-0.05317144384446448
8.82	-0.050985534766421425
8.83	-0.048367137392185566
8.84	-0.045336940350522825
8.85	-0.041937025394249705
8.86	-0.03820776215431676
8.87	-0.03419846085272871
8.88	-0.029965651363673906
8.89	-0.025567429645776185
8.9	-0.021081026566774463
8.91	-0.016576363682280215
8.92	-0.012120327568583056
8.93	-0.007777088860151826
8.94	-0.0036075140265070527
8.95	0.0003267476821615656
8.96	0.003992468806881311
8.97	0.007360779807446871
8.98	0.01041435349965203
8.99	0.013149141030570077
9.0	0.015565756799606034
9.01	0.01768950986633322
9.02	0.019563538873841435
9.03	0.021233927702373534
9.04	0.022755209006143584
9.05	0.02418912537771145
9.06	0.025604589558034574
9.07	0.02707511716162836
9.08	0.02866840441872376
9.09	0.030448081206470023
9.1	0.032472310663129056
9.11	0.034794811048045604
9.12	0.03746801507901265
9.13	0.04050502587021998
9.14	0.043918517343618735
9.15	0.047707618772176774
9.16	0.05185776786836116
9.17	0.056349947872491146
9.18	0.061137206316281834
9.19	0.06615775325401119
9.2	0.07134921715361187
9.21	0.07664265903299616
9.22	0.08196417318583982
9.23	0.08723199181613706
9.24	0.09236762019293521
9.25	0.09730033868424381
9.26	0.10196439361164733
9.27	0.10630275302478376
9.28	0.11026226394172722
9.29	0.11379319596230397
9.3	0.11688866660972597
9.31	0.11953936037537494
9.32	0.12174859083896084
9.33	0.12353151025113174
9.34	0.12490320595460791
9.35	0.12590754838827367
9.36	0.1265984504715577
9.37	0.12702686027883636
9.38	0.12724681547619077
9.39	0.12731370338368897
9.4	0.1272795192513947
9.41	0.1272017700359115
9.42	0.12712511983936892
9.43	0.12708632050258284
9.44	0.12711339633442909
9.45	0.127226118425122
9.46	0.12743519290130445
9.47	0.12773347933305834
9.48	0.12810775020868337
9.49	0.12853588079716327
9.5	0.12898831558401913
9.51	0.1294273982817562
9.52	0.12980925598975845
9.53	0.13009147356372375
9.54	0.13023124822244236
9.55	0.13018779227630073
9.56	0.12992443863616432
9.57	0.12939523165071565
9.58	0.1285879120706792
9.59	0.12748886547892602
9.6	0.12609296309421558
9.61	0.12440464030833531
9.62	0.12243364127574874
9.63	0.12019961281647162
9.64	0.11774590307117527
9.65	0.11511204687454757
9.66	0.11234272050219185
9.67	0.1094863204346701
9.68	0.10659341160979052
9.69	0.10371880389284571
9.7	0.10091110265973624
9.71	0.09821343519906023
9.72	0.095664033882507
9.73	0.09329348921589009
9.74	0.09113600455767012
9.75	0.08919479738729097
9.76	0.08747265744514976
9.77	0.08596380469954279
9.78	0.08465324367680649
9.79	0.08352094319686598
9.8	0.0825373207673692
9.81	0.08166040429401789
9.82	0.08085100199463946
9.83	0.0800680236233573
9.84	0.07927068300825668
9.85	0.07841603201005742
9.86	0.07746663103574247
9.87	0.07639366383246649
9.88	0.07517361782782173
9.89	0.07379003003272222
9.9	0.07223494991296464
9.91	0.07049977857223699
9.92	0.06860395755439952
9.93	0.0665654919389167
9.94	0.06440977656228009
9.95	0.062167796857063085
9.96	0.05987569457343733
9.97	0.057576229874632956
9.98	0.05531320772299053
9.99	0.053127827710291564
10.0	0.05105991084978101
10.01	0.049145885541146406
10.02	0.04742526499297284
10.03	0.04592100076977301
10.04	0.04464749047447236
10.05	0.04361384090952214
10.06	0.04282134726265707
10.07	0.04226326404282443
10.08	0.0419334076817357
10.09	0.041795411982041064
10.1	0.04181852938445141
10.11	0.04196599777636112
10.12	0.04219693589888396
10.13	0.042467428734908164
10.14	0.04272748345039279
10.15	0.042930493086614674
10.16	0.04303189250766948
10.17	0.042990474446535365
10.18	0.042768770447163984
10.19	0.042324165190860796
10.2	0.041633646572017735
10.21	0.04068089707194311
10.22	0.039452566135344425
10.23	0.03794221058975733
10.24	0.03614854879274487
10.25	0.03406504115036779
10.26	0.031718034854731014
10.27	0.02912426709771343
10.28	0.02630380773914842
10.29	0.02327970235190646
10.3	0.02007334887335177
10.31	0.016711332452600924
10.32	0.013225498329434648
10.33	0.00964107202561737
10.34	0.005982012827182692
10.35	0.0022704661170838136
10.36	-0.0014742289273048659
10.37	-0.00523205344441624
10.38	-0.008987262328727263
10.39	-0.012726883937535405
10.4	-0.016439293291155233
10.41	-0.02011485336078156
10.42	-0.023742411003945363
10.43	-0.02731564006862741
10.44	-0.030826688508224342
10.45	-0.03426773434616959
10.46	-0.03763008300870152
10.47	-0.04090236816902315
10.48	-0.044072752154082795
10.49	-0.04713239939760805
10.5	-0.05006891166567662
10.51	-0.0528695529694182
10.52	-0.05552099477716277
10.53	-0.05800278701168471
10.54	-0.06030632892458487
10.55	-0.06242164623877666
10.56	-0.06433918560567775
10.57	-0.06605083333532236
10.58	-0.06755003606224297
10.59	-0.06882593531557657
10.6	-0.06988934255302537
10.61	-0.07074505435739997
10.62	-0.07140077001677347
10.63	-0.07186733161109171
10.64	-0.0721545264687139
10.65	-0.07227957644445793
10.66	-0.07226533186727158
10.67	-0.0721312711644907
10.68	-0.0718964209965064
10.69	-0.07157961068560426
10.7	-0.07119657421818071
10.71	-0.07076525343253948
10.72	-0.07029823943022984
10.73	-0.06980380301039402
10.74	-0.06928629149462961
10.75	-0.06874514334560777
10.76	-0.0681740336175588
10.77	-0.06756353034973916
10.78	-0.0668994826171947
10.79	-0.06616341736413578
10.8	-0.06533380814339607
10.81	-0.06438247127356778
10.82	-0.06328132727816682
10.83	-0.06200700790543412
10.84	-0.06053374290368396
10.85	-0.05883747290820218
10.86	-0.05689671084560988
10.87	-0.054681239840088214
10.88	-0.052187356488380576
10.89	-0.04941099948110128
10.9	-0.046351957973937874
10.91	-0.04301632621973428
10.92	-0.03941462218805869
10.93	-0.035560163288042235
10.94	-0.031492229264659555
10.95	-0.02724392143274712
10.96	-0.022854003662957534
10.97	-0.01836515544290096
10.98	-0.013823585568880636
10.99	-0.00928220665559587
11.0	-0.004792476115693223
11.01	-0.00040339834058034096
11.02	0.0038374484154369837
11.03	0.007885288433651216
11.04	0.01168659798403393
11.05	0.015212695843602297
11.06	0.01843595073981552
11.07	0.021333595893408663
11.08	0.023889495094217672
11.09	0.026090756437852747
11.1	0.027925093354590036
11.11	0.029413159822958557
11.12	0.030567409787065736
11.13	0.03140631094577562
11.14	0.03195298608166808
11.15	0.032227934995391005
11.16	0.03226656875331835
11.17	0.03210851811869486
11.18	0.03178820564769358
11.19	0.0313401718771541
11.2	0.030798231905405427
11.21	0.030193072512036734
11.22	0.02955863662296554
11.23	0.028921180483003628
11.24	0.028303027374801726
11.25	0.027722704976725354
11.26	0.027195201760378374
11.27	0.026732820349619324
11.28	0.02633885278742687
11.29	0.026014907093464323
11.3	0.025759005153788705
11.31	0.025566552511338436
11.32	0.025431779563168555
11.33	0.02534429483020939
11.34	0.025292435281495274
11.35	0.025265173085272208
11.36	0.025251519226973107
11.37	0.025241353628382424
11.38	0.025224236243726716
11.39	0.0251926053874576
11.4	0.025140582102877285
11.41	0.02506455377330208
11.42	0.024962928012349672
11.43	0.02483635980693133
11.44	0.024687505920697794
11.45	0.024522900698282113
11.46	0.024349879433003374
11.47	0.02417763308388876
11.48	0.02401649533568484
11.49	0.023879111366773453
11.5	0.02377843417525194
11.51	0.023726668710762233
11.52	0.023736211668424545
11.53	0.023819416723599218
11.54	0.023987542928707417
11.55	0.024256714432480342
11.56	0.024631916562491973
11.57	0.025120681772684117
11.58	0.025729118943272233
11.59	0.026461337715418698
11.6	0.027322363634427194
11.61	0.028315462504749256
11.62	0.029434604001803644
11.63	0.030676677556991327
11.64	0.032036961216937665
11.65	0.03350912855930832
11.66	0.03508849413075388
11.67	0.036763454705023735
11.68	0.03852106120342391
11.69	0.04034967786810972
11.7	0.04223644076796074
11.71	0.044167954056179126
11.72	0.046130522380841144
11.73	0.04810704790282361
11.74	0.05008186952057514
11.75	0.05203949421101339
11.76	0.05396436695640716
11.77	0.055839266862323766
11.78	0.05764611562024158
11.79	0.059370785416389515
11.8	0.06099793911961626
11.81	0.0625124057260511
11.82	0.06389952194772808
11.83	0.0651392020316941
11.84	0.06621951528120928
11.85	0.06712970934193674
11.86	0.06785758985116119
11.87	0.06839179884214175
11.88	0.06872158418218433
11.89	0.06882556791072492
11.9	0.06870635656038337
11.91	0.06835692292840478
11.92	0.06777162105982493
11.93	0.06694629350359449
11.94	0.0658735211618513
11.95	0.06454873115539472
11.96	0.0629817993629308
11.97	0.06117592127594229
11.98	0.05913675831625698
11.99	0.05687186515578602
12.0	0.054383376759840174
12.01	0.05168947873904872
12.02	0.04880896936571644
12.03	0.04575912702482765
12.04	0.042559748968289624
12.05	0.039232469347206145
12.06	0.03579750862680431
12.07	0.03228775791185745
12.08	0.02873064059716235
12.09	0.025154716373776975
12.1	0.021589342163011005
12.11	0.018065559743362103
12.12	0.014615977526851953
12.13	0.011268315591703049
12.14	0.008049858291275358
12.15	0.0049862350671210365
12.16	0.0021007507216006527
12.17	-0.0005776606486134206
12.18	-0.003035568442860126
12.19	-0.005262878610295063
12.2	-0.007250675435956144
12.21	-0.008994259688482331
12.22	-0.010492401872564283
12.23	-0.011738870172390059
12.24	-0.01275488847360029
12.25	-0.013553882907673565
12.26	-0.01415310789394264
12.27	-0.014573058993727961
12.28	-0.014834165019781631
12.29	-0.01496348206746978
12.3	-0.014993350321052978
12.31	-0.014952058816303682
12.32	-0.014867913692836243
12.33	-0.014768582374941719
12.34	-0.014681751894404682
12.35	-0.014632507995643085
12.36	-0.014641490749704111
12.37	-0.014725675692452977
12.38	-0.014898824368889452
12.39	-0.015170626518444363
12.4	-0.015550631865058229
12.41	-0.016034014560168397
12.42	-0.016616398640179053
12.43	-0.017289516303785835
12.44	-0.01804154878623765
12.45	-0.018858657149669833
12.46	-0.019722068001694404
12.47	-0.020610039977041805
12.48	-0.02150219815400467
12.49	-0.022377477028537762
12.5	-0.02321552584967057
12.51	-0.023993687250947304
12.52	-0.02469508530379294
12.53	-0.025305588753352426
12.54	-0.025813262344369536
12.55	-0.026209540136534204
12.56	-0.02648813834322694
12.57	-0.026642793175992496
12.58	-0.026681304506181336
12.59	-0.026609412165373714
12.6	-0.026435513614620154
12.61	-0.026170760355742062
12.62	-0.025827016597465335
12.63	-0.02542005982577744
12.64	-0.02496807159068659
12.65	-0.024487150345929187
12.66	-0.023993024103173277
12.67	-0.02350062612343773
12.68	-0.023024736202999274
12.69	-0.022577324406578336
12.7	-0.02216745593809677
12.71	-0.021802151429170413
12.72	-0.021486076903317164
12.73	-0.021221870846994784
12.74	-0.02101121074464618
12.75	-0.020849528110220894
12.76	-0.02073258585647808
12.77	-0.020655315297527732
12.78	-0.02061150282301205
12.79	-0.02059516514515569
12.8	-0.02059949478347023
12.81	-0.020617705516224882
12.82	-0.020645136241317807
12.83	-0.020677981312085092
12.84	-0.020714127472733934
12.85	-0.02075325222475466
12.86	-0.020796502254469384
12.87	-0.020846802090732974
12.88	-0.02090842837481277
12.89	-0.020986899989666852
12.9	-0.021088450521037694
12.91	-0.021221487982961973
12.92	-0.021391262871366168
12.93	-0.021603739556991908
12.94	-0.02186382175919077
12.95	-0.02217494007648224
12.96	-0.02254009827788317
12.97	-0.022958547570191
12.98	-0.02342569715269438
12.99	-0.02393593215831158
13.0	-0.024481372704956872
13.01	-0.025051778939567226
13.02	-0.025635078007253953
13.03	-0.02621571505688136
13.04	-0.026778596643093455
13.05	-0.027307952183947437
13.06	-0.027788162665396632
13.07	-0.028203037766452055
13.08	-0.028535302512507466
13.09	-0.028775461770193744
13.1	-0.028914049400861064
13.11	-0.028943685553449394
13.12	-0.028860405006650436
13.13	-0.02865963834011087
13.14	-0.02834473296418971
13.15	-0.027924256529186953
13.16	-0.02740664816652094
13.17	-0.026802983817579062
13.18	-0.026126147640073594
13.19	-0.025388473489925234
13.2	-0.02460900098948482
13.21	-0.023803036818927148
13.22	-0.022985229261340168
13.23	-0.022168857131225073
13.24	-0.02136542750573389
13.25	-0.02058458062723023
13.26	-0.019831147454627662
13.27	-0.01910699712137931
13.28	-0.018410641873689237
13.29	-0.01773714822298622
13.3	-0.017078454101611018
13.31	-0.01642206339815855
13.32	-0.015753796307120593
13.33	-0.015057795644316863
13.34	-0.014317443002863639
13.35	-0.013515462625015351
13.36	-0.012630390780068668
13.37	-0.011649875966424306
13.38	-0.010561492735902456
13.39	-0.009355390880662173
13.4	-0.008025181554605298
13.41	-0.006566596858969653
13.42	-0.004978939101504598
13.43	-0.0032743723345801667
13.44	-0.0014643781923604493
13.45	0.0004354787598153109
13.46	0.002405946934256553
13.47	0.004425402978140092
13.48	0.006466194863981034
13.49	0.008500722563349994
13.5	0.010502067213999267
13.51	0.012443749020273565
13.52	0.014300463783704753
13.53	0.01604309471542087
13.54	0.01765635628985751
13.55	0.019125605281325342
13.56	0.020440518280214093
13.57	0.021595373925347383
13.58	0.022587347692069937
13.59	0.023418386733267793
13.6	0.024104513735602406
13.61	0.024660317019501665
13.62	0.025103510642290994
13.63	0.025454823986251984
13.64	0.025735321133891098
13.65	0.02597133967110765
13.66	0.026186968037084313
13.67	0.026403757782771597
13.68	0.02664063425922314
13.69	0.02691292109022858
13.7	0.027234912757236218
13.71	0.02761043500581306
13.72	0.028039567158933743
13.73	0.028517182386586848
13.74	0.029032868497599784
13.75	0.029571045241168603
13.76	0.03010970894635112
13.77	0.030623491972897154
13.78	0.031085142944766275
13.79	0.031466120365403194
13.8	0.031736890472075396
13.81	0.03186312224838095
13.82	0.0318190739578077
13.83	0.03158463665039046
13.84	0.031141708377017352
13.85	0.0304775950290479
13.86	0.029585477347532807
13.87	0.028453888532255167
13.88	0.02710307009444457
13.89	0.025547962206525998
13.9	0.023810156673814697
13.91	0.021917097394230867
13.92	0.019899831001416235
13.93	0.017797156962773952
13.94	0.015653664867775863
13.95	0.013511206200941928
13.96	0.011411319313497925
13.97	0.009394265169760718
13.98	0.007503662398045785
13.99	0.005772333494695303
14.0	0.00422552229047124
14.01	0.0028839243663811853
14.02	0.001761202252352767
14.03	0.000864020104023977
14.04	0.00020098263392487326
14.05	-0.00025009402025788496
14.06	-0.0005070238257720572
14.07	-0.0005940209011656705
14.08	-0.0005407955827039235
14.09	-0.0003800271806830846
14.1	-0.00015137064083359242
14.11	0.00010279279216374171
14.12	0.00034376452570872296
14.13	0.0005344826243600664
14.14	0.0006409180614774801
14.15	0.0006277750793750592
14.16	0.0004725914912457885
14.17	0.0001605729886431373
14.18	-0.0003175262667820533
14.19	-0.0009634083304304042
14.2	-0.0017717329063713372
14.21	-0.0027345799765622347
14.22	-0.0038221588863136535
14.23	-0.005006862905558851
14.24	-0.006256120651271013
14.25	-0.007533615442396835
14.26	-0.008799349502100373
14.27	-0.010009713560537481
14.28	-0.011125933147001277
14.29	-0.01211126759167891
14.3	-0.012932577885579444
14.31	-0.013561539264774325
14.32	-0.013966063627003478
14.33	-0.014136174697866544
14.34	-0.01406737873423125
14.35	-0.013760269497164024
14.36	-0.013222952343290073
14.37	-0.012469516484550636
14.38	-0.011515793858084988
14.39	-0.010401199156958918
14.4	-0.009159240363598053
14.41	-0.007826973089433809
14.42	-0.006443538639059554
14.43	-0.005049633407232301
14.44	-0.0036880078287675477
14.45	-0.0023958892217125216
14.46	-0.001206647032115038
14.47	-0.00014914443285340973
14.48	0.0007531402340132942
14.49	0.001474923600368161
14.5	0.0020106448083077044
14.51	0.0023592661470770437
14.52	0.002524294629778323
14.53	0.002515362803060528
14.54	0.0023466772589433305
14.55	0.002034333467281879
14.56	0.0016100919706283356
14.57	0.0011005907440386764
14.58	0.0005336989086457411
14.59	-6.272611769020386e-05
14.6	-0.0006613928109713285
14.61	-0.001235991762144062
14.62	-0.0017661099213546194
14.63	-0.002235753043194677
14.64	-0.0026338510697438977
14.65	-0.0029546601816209384
14.66	-0.0031948624687843097
14.67	-0.0033633841682704224
14.68	-0.0034723885245240282
14.69	-0.003537815606781458
14.7	-0.003579442857451931
14.71	-0.0036201752728607373
14.72	-0.0036874273847312677
14.73	-0.0038067997066527637
14.74	-0.004003228567898143
14.75	-0.004299973465205165
14.76	-0.004717581119883185
14.77	-0.005277044807770359
14.78	-0.005991243897074727
14.79	-0.006862573110027803
14.8	-0.007891388644065134
14.81	-0.009072190450803874
14.82	-0.01039356919353196
14.83	-0.011843055040821837
14.84	-0.01339144480270893
14.85	-0.015010349567988412
14.86	-0.016668588967734932
14.87	-0.018332527061886816
14.88	-0.019966533758495553
14.89	-0.021530636618996457
14.9	-0.02299157788700179
14.91	-0.02431772670156973
14.92	-0.02548024872313115
14.93	-0.026454903369467098
14.94	-0.027215980377863658
14.95	-0.02775001652314235
14.96	-0.02805575468504906
14.97	-0.028133472612113297
14.98	-0.027989299169900894
14.99	-0.02763591457236092
15.0	-0.027083537690901105
15.01	-0.026365361416215483
15.02	-0.02551062932524184
15.03	-0.024550750396216126
15.04	-0.023519022801627543
15.05	-0.02244982114334093
15.06	-0.021379846583409634
15.07	-0.02034355508865615
15.08	-0.019371197380572358
15.09	-0.018489994709067425
15.1	-0.01772271987406504
15.11	-0.01709190688379847
15.12	-0.016610218687576617
15.13	-0.016280658068638543
15.14	-0.01610381479563261
15.15	-0.016074668925853852
15.16	-0.016183054105069594
15.17	-0.01641856408423903
15.18	-0.016754828401004285
15.19	-0.017167854418620454
15.2	-0.017631671953484362
15.21	-0.018118605777518115
15.22	-0.01859990148203028
15.23	-0.019044400759369084
15.24	-0.019425540208965142
15.25	-0.019718594798827538
15.26	-0.019901909115413785
15.27	-0.01995679899369851
15.28	-0.019864099615794162
15.29	-0.01961457506834119
15.3	-0.01920650596340212
15.31	-0.01863976299170378
15.32	-0.01791853068001248
15.33	-0.017051293321215577
15.34	-0.016044666855299816
15.35	-0.014922206674045313
15.36	-0.013703455770233464
15.37	-0.012409748905873874
15.38	-0.011063943725832637
15.39	-0.009689539508726086
15.4	-0.008311752234599346
15.41	-0.00695474349610492
15.42	-0.00564004964350906
15.43	-0.0043873419572548755
15.44	-0.00321396975192767
15.45	-0.002138057950901495
15.46	-0.0011706099575388151
15.47	-0.0003174381048266506
15.48	0.00041708297208309375
15.49	0.0010318626848506707
15.5	0.0015290012404043374
15.51	0.0019082752831157679
15.52	0.0021838928719668527
15.53	0.0023667003587550806
15.54	0.0024692518610275327
15.55	0.002505578276804865
15.56	0.0024901944698165757
15.57	0.0024393276778982287
15.58	0.0023707215822976746
15.59	0.0022998078805955835
15.6	0.002241269806096069
15.61	0.0022086730261615672
15.62	0.0022159369964820375
15.63	0.002273597707057151
15.64	0.0023891806624238843
15.65	0.002568925368606423
15.66	0.0028170057536418547
15.67	0.0031354851198538425
15.68	0.0035280298808771926
15.69	0.003988610016083749
15.7	0.004513117843452874
15.71	0.005095868002063297
15.72	0.005729816946612898
15.73	0.0064073646098014025
15.74	0.007119199468949344
15.75	0.007853892968763265
15.76	0.00860127780772002
15.77	0.009351092745642497
15.78	0.010093273480253795
15.79	0.010816986887652313
15.8	0.011512989286418973
15.81	0.01217314371853273
15.82	0.012790186281123272
15.83	0.013357808563314144
15.84	0.013870739770801666
15.85	0.014321850496732291
15.86	0.01471108707648694
15.87	0.01503703630377562
15.88	0.015299222718553218
15.89	0.015498020783529687
15.9	0.01563388883713701
15.91	0.015708301256559642
15.92	0.015726371363825375
15.93	0.015691845085745948
15.94	0.015608628160511895
15.95	0.01548095474367206
15.96	0.015311865370273292
15.97	0.015107010833346979
15.98	0.014871437016479083
15.99	0.014609165075525676
16.0	0.01432420611186136
16.01	0.014020055784178975
16.02	0.013699359181168491
16.03	0.013365848499099497
16.04	0.013021985439677586
16.05	0.012669889461283113
16.06	0.012311086921449554
16.07	0.011946932532677756
16.08	0.011578609896154335
16.09	0.011207132033486666
16.1	0.010833174385026623
16.11	0.010457326998757899
16.12	0.010080069696625116
16.13	0.009701755694230707
16.14	0.009322912802258276
16.15	0.008944000717443501
16.16	0.008565477997082627
16.17	0.00818781040286276
16.18	0.0078114875489108115
16.19	0.007437081138167323
16.2	0.007065003287973659
16.21	0.006695623498511938
16.22	0.0063292438403786955
16.23	0.005966040995986299
16.24	0.005606133080484632
16.25	0.00524939723848783
16.26	0.004895462090924063
16.27	0.004543865990678131
16.28	0.004194032447958462
16.29	0.0038452373673130147
16.3	0.0034966674169454315
16.31	0.0031474583383824806
16.32	0.002796868639184158
16.33	0.0024442651774512214
16.34	0.002089207016350181
16.35	0.0017314984515106602
16.36	0.0013711998023638872
16.37	0.0010091003388127406
16.38	0.0006462978003064501
16.39	0.00028438094720362184
16.4	-7.453904287402224e-05
16.41	-0.0004276411452193152
16.42	-0.0007714459295182774
16.43	-0.0011024578129494866
16.44	-0.0014166893159887062
16.45	-0.0017098593178470622
16.46	-0.0019775660091300162
16.47	-0.0022138870434024183
16.48	-0.002415148524638644
16.49	-0.0025776936486332502
16.5	-0.002697997080246761
16.51	-0.0027731464998348443
16.52	-0.0028005876760408555
16.53	-0.002777070914364521
16.54	-0.0027046380018858063
16.55	-0.002584160512639988
16.56	-0.002417639917475567
16.57	-0.002208122784849831
16.58	-0.0019588923567196437
16.59	-0.001675557029857777
16.6	-0.0013653934111840238
16.61	-0.0010353114526499008
16.62	-0.000692796834939502
16.63	-0.0003456902770336834
16.64	-2.5430777454982234e-06
16.65	0.0003282760035965282
16.66	0.0006392116097602152
16.67	0.0009232361906527098
16.68	0.0011740586389503704
16.69	0.0013859443138473093
16.7	0.001552873510866637
16.71	0.001673780253485302
16.72	0.0017471736181339237
16.73	0.0017729446985557118
16.74	0.001752322196319156
16.75	0.0016867573195452623
16.76	0.0015805061118054908
16.77	0.0014397686472212845
16.78	0.0012704891052570666
16.79	0.001079304347535781
16.8	0.000873341167597852
16.81	0.0006600463554297109
16.82	0.0004476187183395375
16.83	0.00024326797414631063
16.84	5.3698196677998133e-05
16.85	-0.00011505876205986088
16.86	-0.00025744930283577716
16.87	-0.00036798096134527114
16.88	-0.0004447775555842526
16.89	-0.00048599928744241794
16.9	-0.0004909359015120573
16.91	-0.0004599953698967152
16.92	-0.0003937520846352127
16.93	-0.0002950891950470602
16.94	-0.00016830013836655056
16.95	-1.749317816790441e-05
16.96	0.0001527480490080002
16.97	0.00033751692975092507
16.98	0.0005319581199700885
16.99	0.0007303704254438825
17.0	0.0009279466397561498
17.01	0.0011203348521622303
17.02	0.0013036767289766882
17.03	0.0014745268731243266
17.04	0.0016296933228070465
17.05	0.001767889965147762
17.06	0.0018880471418162292
17.07	0.001989721844849579
17.08	0.002073119570039861
17.09	0.002138453222043979
17.1	0.0021871497598452416
17.11	0.0022212003164487903
17.12	0.002242347168697423
17.13	0.0022524544900019983
17.14	0.0022533978384384756
17.15	0.002246663073843136
17.16	0.002234235575812704
17.17	0.0022174598778654797
17.18	0.0021973555320606852
17.19	0.0021746651267898764
17.2	0.0021498080467442504
17.21	0.0021229284297372697
17.22	0.0020940526009856075
17.23	0.002062995488491537
17.24	0.0020295176895059885
17.25	0.001993364718672508
17.26	0.001954313933342111
17.27	0.0019124321409927925
17.28	0.0018680903708205854
17.29	0.0018219005936087607
17.3	0.0017748007762758977
17.31	0.0017280695223026443
17.32	0.0016835742575089796
17.33	0.0016433259547784518
17.34	0.0016096187161234177
17.35	0.0015849201337425622
17.36	0.0015718474845572983
17.37	0.0015732915252882895
17.38	0.0015923924267263745
17.39	0.0016309492421631155
17.4	0.0016909894097347777
17.41	0.0017741638864042786
17.42	0.001881632101009223
17.43	0.0020148448411730913
17.44	0.0021734477862317414
17.45	0.0023562063741761063
17.46	0.002561765284249895
17.47	0.0027881933214908283
17.48	0.0030329850639679856
17.49	0.0032937564810220366
17.5	0.003566079075245754
17.51	0.003846196840088023
17.52	0.004130192994642012
17.53	0.004414144307353429
17.54	0.004694059603442047
17.55	0.00496585690500384
17.56	0.005226392824795534
17.57	0.005472838160084592
17.58	0.005702865714924954
17.59	0.0059147378105638415
17.6	0.00610665251840703
17.61	0.006278484575755194
17.62	0.006430894988104341
17.63	0.00656480824260397
17.64	0.006681725017842699
17.65	0.00678366782900941
17.66	0.006872628567950567
17.67	0.006952306541571529
17.68	0.007025864066419141
17.69	0.007096621740812603
17.7	0.007167976470490167
17.71	0.007243452274110385
17.72	0.007326730367649192
17.73	0.007420750396426645
17.74	0.0075283533895795784
17.75	0.007652094369621776
17.76	0.007794186964810601
17.77	0.007957301251767412
17.78	0.008142584281925602
17.79	0.00835066503040216
17.8	0.00858214075120789
17.81	0.008837160589391546
17.82	0.009115494950882486
17.83	0.00941757280703781
17.84	0.0097409419683534
17.85	0.010083964160244152
17.86	0.010444544158233593
17.87	0.010820153707140068
17.88	0.011207945871943403
17.89	0.01160425085257677
17.9	0.012004631022073498
17.91	0.012404605952798464
17.92	0.012799298822061767
17.93	0.013183429995887064
17.94	0.013550566408102815
17.95	0.013894732608257687
17.96	0.01421017670663638
17.97	0.014490889439537247
17.98	0.014730994922001917
17.99	0.014924742780570321
18.0	0.015064357492274083
18.01	0.015147674500517239
18.02	0.015171344086226335
18.03	0.015132921549676603
18.04	0.015031238490362031
18.05	0.014865076794256749
18.06	0.014635745054106142
18.07	0.01434878814927254
18.08	0.014009328432877166
18.09	0.013624094687406663
18.1	0.013201313373297774
18.11	0.012750011935178662
18.12	0.012282718313233021
18.13	0.011811836103493789
18.14	0.011350016628243531
18.15	0.010910195405855916
18.16	0.010505472546473604
18.17	0.010151205381560002
18.18	0.00985708704119137
18.19	0.009633160044621447
18.2	0.009487747938212054
18.21	0.009427141558387753
18.22	0.00945737366631405
18.23	0.009580468946031262
18.24	0.009791808013375314
18.25	0.010086774217722305
18.26	0.01045798399875908
18.27	0.010895449473469099
18.28	0.01138834143184797
18.29	0.011919328726661682
18.3	0.012471302330366862
18.31	0.013026697100086748
18.32	0.013567389961380738
18.33	0.014074907439876161
18.34	0.01452839705648512
18.35	0.014913203293115851
18.36	0.015215040451059592
18.37	0.015421951816788182
18.38	0.015524772924723318
18.39	0.015514755249697254
18.4	0.015388849646040814
18.41	0.01515199840689263
18.42	0.014809491847097012
18.43	0.014370091960991593
18.44	0.013845774346533224
18.45	0.013249263458428029
18.46	0.012601591955450964
18.47	0.01192295105746577
18.48	0.011233860465308942
18.49	0.010555233116932072
18.5	0.009908046079960764
18.51	0.009315110862500808
18.52	0.008792507731414712
18.53	0.008355186161700057
18.54	0.00801509333686068
18.55	0.007780735122094873
18.56	0.007659721278834963
18.57	0.007652751704091076
18.58	0.007752745859982868
18.59	0.007951875259722962
18.6	0.008238741335266697
18.61	0.008598785052057245
18.62	0.009016293711865075
18.63	0.009468546240405162
18.64	0.009934323857023086
18.65	0.010392568266009428
18.66	0.010822650807621459
18.67	0.01120450566462694
18.68	0.011517200311810916
18.69	0.011748484302227302
18.7	0.011887330569497312
18.71	0.011926476603551506
18.72	0.01186267374725447
18.73	0.011694242758721551
18.74	0.0114273521864795
18.75	0.01107465241040162
18.76	0.010649744519298454
18.77	0.010169354838986178
18.78	0.009652759297421709
18.79	0.009121569931960116
18.8	0.008600102418407918
18.81	0.008110791005769946
18.82	0.00767513225151184
18.83	0.007312992785412753
18.84	0.007042995173865196
18.85	0.0068837797007281765
18.86	0.006841411882152704
18.87	0.006921687085545969
18.88	0.007125945355245689
18.89	0.007451026090325774
18.9	0.007892177003733014
18.91	0.008435591310885115
18.92	0.009061989270187087
18.93	0.009751783499973854
18.94	0.010482875987298135
18.95	0.011231447557019214
18.96	0.01197109106618588
18.97	0.01267578563332683
18.98	0.013322009513523803
18.99	0.013888065950979467
19.0	0.014354915945362201
19.01	0.014705305755806752
19.02	0.014923053149988763
19.03	0.01500623322066219
19.04	0.014952726775525615
19.05	0.014765013608999511
19.06	0.014450075529361173
19.07	0.014016096080764817
19.08	0.013480600053445868
19.09	0.01286509526090196
19.1	0.012190783220218382
19.11	0.01148049362203396
19.12	0.010757854814019252
19.13	0.010048311115437247
19.14	0.009375388560259657
19.15	0.0087596752301915
19.16	0.008219293480251522
19.17	0.007769280246414434
19.18	0.0074225787857644665
19.19	0.007189884601377594
19.2	0.007069768381544939
19.21	0.007060796768966426
19.22	0.0071576169997660255
19.23	0.007351268659632093
19.24	0.0076318005935259725
19.25	0.007982080299187122
19.26	0.008383190276823771
19.27	0.0088169591510312
19.28	0.009264809764676474
19.29	0.009708498864925641
19.3	0.010128831547787542
19.31	0.010510577030244939
19.32	0.010841023903321978
19.33	0.011110152571921716
19.34	0.011311014265429131
19.35	0.011438821229592389
19.36	0.0114917422415447
19.37	0.011475949722018708
19.38	0.011397742527950783
19.39	0.01126593128602238
19.4	0.0110913939625219
19.41	0.010886028321539842
19.42	0.010664714601668068
19.43	0.010441650650782952
19.44	0.010229967962467668
19.45	0.01004175105845051
19.46	0.009887523874537063
19.47	0.00977836557975409
19.48	0.009718256310595086
19.49	0.00971005660923241
19.5	0.009753941370112762
19.51	0.009847344864895469
19.52	0.009985703490162368
19.53	0.010161454576324336
19.54	0.010363073657025712
19.55	0.010579272108689253
19.56	0.010797840492173805
19.57	0.011006208411793228
19.58	0.011190740128058096
19.59	0.011339369820590472
19.6	0.011442519604391355
19.61	0.011492034090396563
19.62	0.011481953493084451
19.63	0.011408837809488426
19.64	0.011268601703337766
19.65	0.011067071820455965
19.66	0.010809349538242752
19.67	0.010502942695718942
19.68	0.01015749701790769
19.69	0.009784145482532924
19.7	0.009396425309026402
19.71	0.00900886917692989
19.72	0.008635091233772152
19.73	0.008288287041253839
19.74	0.007980665533621312
19.75	0.007725203024690708
19.76	0.007530283609454291
19.77	0.0074012729218645434
19.78	0.007341896210925736
19.79	0.007353295242693569
19.8	0.007434082502987827
19.81	0.00758320686314129
19.82	0.007790324534784676
19.83	0.008046833235269668
19.84	0.008342625381765445
19.85	0.00866656067553695
19.86	0.009006984793199613
19.87	0.009351278648875083
19.88	0.009687726377445638
19.89	0.010006257555471909
19.9	0.010298266864266159
19.91	0.010556955865252626
19.92	0.010776039414602367
19.93	0.01095396687348238
19.94	0.01109155791518246
19.95	0.011191259740133686
19.96	0.011257534884817622
19.97	0.011296545525449564
19.98	0.011315575483999973
19.99	0.011324754530026904
20.0	0.011333200932966858
20.01	0.011349913639254972
20.02	0.011383274076479766
20.03	0.011441263152157322
20.04	0.01153031820735495
20.05	0.011653157537003467
20.06	0.011811088915754442
20.07	0.012003038766914442
20.08	0.012225551375832144
20.09	0.012473439259998775
20.1	0.012737237832021742
20.11	0.013006435036497122
20.12	0.013269460547218226
20.13	0.013513862585170844
20.14	0.01372658465375054
20.15	0.01389220679535974
20.16	0.014000597692070627
20.17	0.01404162605985626
20.18	0.014007192278343239
20.19	0.013891650859153004
20.2	0.013690288833950293
20.21	0.013403087060291696
20.22	0.01303686295119899
20.23	0.012599067088955862
20.24	0.012100247038162926
20.25	0.011553779963111244
20.26	0.010974973659633624
20.27	0.010383942680376346
20.28	0.009800237882177099
20.29	0.009243485904290694
20.3	0.008733056807360251
20.31	0.008287825657277925
20.32	0.007928888255180677
20.33	0.007666963616692946
20.34	0.007512716526607122
20.35	0.0074732253934770565
20.36	0.00755169298110181
20.37	0.0077498923236617445
20.38	0.008062386617886719
20.39	0.008475700289948374
20.4	0.00897606488216185
20.41	0.009546387571141901
20.42	0.010166790635491085
20.43	0.010815354966962842
20.44	0.011466075730183434
20.45	0.012094816537122743
20.46	0.012678302242680739
20.47	0.013194620847069016
20.48	0.013623266263501965
20.49	0.013942502133998724
20.5	0.014143851067983437
20.51	0.014219075774838275
20.52	0.014164470165321519
20.53	0.013981025680618209
20.54	0.013671576839206945
20.55	0.013247562861639306
20.56	0.012727734206651298
20.57	0.012130988448164848
20.58	0.011479200857034022
20.59	0.010796431180042698
20.6	0.010109154020336186
20.61	0.009445194754243325
20.62	0.008829696068921256
20.63	0.008286136425530999
20.64	0.007835505573225099
20.65	0.007496711571488013
20.66	0.007288685927761329
20.67	0.007214984258084978
20.68	0.007279181387686351
20.69	0.00747984572620819
20.7	0.007810551360502127
20.71	0.008262833520591206
20.72	0.008819037049659695
20.73	0.009455729983170458
20.74	0.010149582771757149
20.75	0.010875002248517673
20.76	0.011605043312104879
20.77	0.012309857071020835
20.78	0.012961787311108641
20.79	0.013536078781925975
20.8	0.014010332068848275
20.81	0.014365515398318096
20.82	0.014585010826589029
20.83	0.014653203489927602
20.84	0.01457122397648114
20.85	0.01433955388237107
20.86	0.013963755480305595
20.87	0.013454278610230963
20.88	0.012823258255966863
20.89	0.012092225257729017
20.9	0.01128701196041415
20.91	0.010432865970207095
20.92	0.009556546051308179
20.93	0.008685419001024708
20.94	0.00784946439473111
20.95	0.00707463142682252
20.96	0.006383861926433476
20.97	0.005797275029896576
20.98	0.005331300320905785
20.99	0.004999894537676908
21.0	0.0048150419575991865
21.01	0.00477316368900671
21.02	0.004871406235491982
21.03	0.0051022978449686285
21.04	0.005454073566221296
21.05	0.0059136902280733095
21.06	0.006459574034954341
21.07	0.00706745264807529
21.08	0.007713925086035522
21.09	0.008374809204403921
21.1	0.009025979568321407
21.11	0.009641370888818113
21.12	0.010199783225032899
21.13	0.010682735516026276
21.14	0.011074711778641833
21.15	0.011363764328103154
21.16	0.01154025614460441
21.17	0.011597269496291251
21.18	0.011540258956153737
21.19	0.011374236018670714
21.2	0.011107943257754771
21.21	0.01075345130707328
21.22	0.010323952030145578
21.23	0.009839028424232121
21.24	0.009319229824699793
21.25	0.008784235497253268
21.26	0.008253731452759427
21.27	0.0077467205831400765
21.28	0.007283853311450095
21.29	0.006879524525474134
21.3	0.0065462792174492135
21.31	0.006293820700425501
21.32	0.006128620654541339
21.33	0.006055134334514323
21.34	0.006074768860300006
21.35	0.006179687298619729
21.36	0.00636249673150191
21.37	0.0066130413072231775
21.38	0.006918881793930076
21.39	0.007266549296454761
21.4	0.007638570597350514
21.41	0.008017873619840077
21.42	0.008388276329240663
21.43	0.008734236075822022
21.44	0.009041376484062669
21.45	0.009293698827063657
21.46	0.009482871606492416
21.47	0.009601351465765573
21.48	0.009644195850246562
21.49	0.009609320531554055
21.5	0.009496232149961759
21.51	0.009307497912851237
21.52	0.009052555000598539
21.53	0.00874024051425637
21.54	0.00838124782218519
21.55	0.007987763036254591
21.56	0.007572768470329394
21.57	0.007151464450591782
21.58	0.006737930103193124
21.59	0.006345284612937374
21.6	0.005985660724587616
21.61	0.005669778285110727
21.62	0.005409896777213152
21.63	0.005210259758270164
21.64	0.005075177727926761
21.65	0.005006623491305873
21.66	0.00500424378170139
21.67	0.005066484853883169
21.68	0.0051890338799481794
21.69	0.005362630447106276
21.7	0.005578745924021522
21.71	0.00582764983949613
21.72	0.006098760361687217
21.73	0.006381012428480548
21.74	0.006662244718267596
21.75	0.006931643961769707
21.76	0.007179352626494606
21.77	0.007396603628770815
21.78	0.007575915356738294
21.79	0.007708962728441238
21.8	0.007793921725158581
21.81	0.007828830071504478
21.82	0.007813536325830261
21.83	0.007749636425138484
21.84	0.007639555161772615
21.85	0.007487912048538381
21.86	0.007302353484554325
21.87	0.007089875149715152
21.88	0.006858068445440346
21.89	0.006614819959111395
21.9	0.006368195386990072
21.91	0.00612635676745954
21.92	0.005896155529094282
21.93	0.005683504460484934
21.94	0.005493223718305296
21.95	0.005328969587130139
21.96	0.005194367127349331
21.97	0.005088658051294881
21.98	0.005011005687977632
21.99	0.0049592869770964665
22.0	0.004930181214430118
22.01	0.0049196323231658345
22.02	0.004922127825680578
22.03	0.004931246987388005
22.04	0.00494089279654375
22.05	0.004944979302624275
22.06	0.004937645562148374
22.07	0.004912662392568046
22.08	0.0048656198402529105
22.09	0.0047932881269685534
22.1	0.004693352577071819
22.11	0.004564734828412242
22.12	0.004407577844031008
22.13	0.004222505764639339
22.14	0.004014113173454903
22.15	0.003786821964784415
22.16	0.0035461354221146824
22.17	0.003298495867468554
22.18	0.003051252142654226
22.19	0.002812809507593661
22.2	0.0025910660115119333
22.21	0.0023938326142123323
22.22	0.0022285602575700114
22.23	0.0021021040738929964
22.24	0.0020225621097440527
22.25	0.001993793163526436
22.26	0.0020186615606742064
22.27	0.0020991726141441625
22.28	0.0022358208186979978
22.29	0.0024278655066566346
22.3	0.002674555244446153
22.31	0.0029687927509148837
22.32	0.0033047442086009404
22.33	0.003675299830338541
22.34	0.004072300077786917
22.35	0.004486869886995204
22.36	0.004908515553770254
22.37	0.0053266560329435775
22.38	0.005731221519370555
22.39	0.0061123830625339215
22.4	0.006460816937987834
22.41	0.00676580785832559
22.42	0.0070206965153385426
22.43	0.007219778254330844
22.44	0.0073582901291194824
22.45	0.0074329614718315895
22.46	0.007441584245863497
22.47	0.00738165425088666
22.48	0.00725797881119461
22.49	0.0070738875428268955
22.5	0.0068340767469419195
22.51	0.006544534479217434
22.52	0.006211441771898585
22.53	0.005843492947040452
22.54	0.005450608904597254
22.55	0.0050418956121695
22.56	0.004626601189290258
22.57	0.004213868812117161
22.58	0.0038134488875919414
22.59	0.0034337074234875864
22.6	0.0030819214928761163
22.61	0.002764514267116769
22.62	0.002486860153907089
22.63	0.0022536148853093962
22.64	0.0020695391484786274
22.65	0.0019341931552268044
22.66	0.0018478580356946495
22.67	0.001809630582914612
22.68	0.001817538844080091
22.69	0.001869703499240094
22.7	0.001961824575197668
22.71	0.0020881547466311545
22.72	0.0022435622655816445
22.73	0.0024226099534331302
22.74	0.0026196626240371224
22.75	0.0028293854738357105
22.76	0.003045475379857554
22.77	0.0032627064017286544
22.78	0.00347637683614066
22.79	0.003682278478551071
22.8	0.003876618645496044
22.81	0.004055747291437983
22.82	0.0042178675980588665
22.83	0.004361322944546719
22.84	0.004485030594358674
22.85	0.004588435406494784
22.86	0.0046708576706118166
22.87	0.004732731734730544
22.88	0.00477517858781773
22.89	0.004799007765681762
22.9	0.004805129863112323
22.91	0.004794483319055409
22.92	0.004767257659139323
22.93	0.004724946595937918
22.94	0.004668290498165195
22.95	0.004597778111421702
22.96	0.004513751072684924
22.97	0.004416255687698989
22.98	0.004305024793709866
22.99	0.0041806821752632395
23.0	0.004043335708842077
23.01	0.003893200341488434
23.02	0.0037306710895624873
23.03	0.0035560649854843307
23.04	0.0033705712570349933
23.05	0.0031758937018540045
23.06	0.002973905104301844
23.07	0.0027669245451026336
23.08	0.002557728705375628
23.09	0.002349772824031149
23.1	0.0021469031564325114
23.11	0.001953081850973426
23.12	0.0017724683627693416
23.13	0.0016093199061905095
23.14	0.001468195227978808
23.15	0.0013540646425196368
23.16	0.0012696305212722692
23.17	0.001217928164776172
23.18	0.00120127783242574
23.19	0.0012211874196819128
23.2	0.0012794005581375778
23.21	0.0013748630021391817
23.22	0.001504959958963159
23.23	0.0016667153898667353
23.24	0.0018560383912744616
23.25	0.002067760395639051
23.26	0.002296136120869652
23.27	0.0025328453396028516
23.28	0.0027700513603456933
23.29	0.0029995250315401067
23.3	0.0032128649528484488
23.31	0.0034012131921381528
23.32	0.003555217517291931
23.33	0.0036685436284221717
23.34	0.0037348651930805277
23.35	0.0037490282120581364
23.36	0.0037072655837870894
23.37	0.0036054023143041736
23.38	0.0034439371060346335
23.39	0.003225735836341781
23.4	0.0029543470542123806
23.41	0.0026351267791925315
23.42	0.0022751465383520353
23.43	0.0018819654067375735
23.44	0.001467976911718294
23.45	0.0010444745387752086
23.46	0.0006233993592564824
23.47	0.00021706283423017503
23.48	-0.00016157827517548906
23.49	-0.0004989692116215139
23.5	-0.0007852109761079529
23.51	-0.0010106738126615111
23.52	-0.001167332649212538
23.53	-0.0012490445324793154
23.54	-0.0012489493521502526
23.55	-0.0011668759323351097
23.56	-0.001005555570206762
23.57	-0.0007687734596724116
23.58	-0.00046273910597294243
23.59	-9.597256524929154e-05
23.6	0.00032280911052096073
23.61	0.0007775178869677823
23.62	0.0012540114299937066
23.63	0.001737172573653245
23.64	0.0022113860260015716
23.65	0.0026602206556051167
23.66	0.0030666221667589033
23.67	0.0034174155400197304
23.68	0.003700101823058244
23.69	0.0039041279094303993
23.7	0.004021206217935891
23.71	0.004042141691612655
23.72	0.003966061464362847
23.73	0.003795219912910097
23.74	0.0035333219076694178
23.75	0.003186950724329729
23.76	0.002765357649030742
23.77	0.0022780705939966506
23.78	0.0017434100617946813
23.79	0.001177325635993598
23.8	0.0005968801955693603
23.81	1.9734973798257727e-05
23.82	-0.0005356280587587303
23.83	-0.0010501750386050501
23.84	-0.001508779080038436
23.85	-0.0018973847721314163
23.86	-0.0022040742095225108
23.87	-0.002419520155856003
23.88	-0.0025333605586065344
23.89	-0.0025446160292059705
23.9	-0.002455282570291595
23.91	-0.0022690731771134454
23.92	-0.00199279557731169
23.93	-0.0016359174499247509
23.94	-0.0012084258239931644
23.95	-0.0007292443609470123
23.96	-0.00021473785904746467
23.97	0.00031770407194664507
23.98	0.0008502146726602211
23.99	0.0013642733852088362
24.0	0.0018411477670806642
24.01	0.0022659549820185365
24.02	0.0026251777461671066
24.03	0.0029076211845253663
24.04	0.0031047928420705473
24.05	0.0032074068947545165
24.06	0.0032156434423528113
24.07	0.003132158786199102
24.08	0.002961441817519228
24.09	0.0027108906836930124
24.1	0.002390280731586758
24.11	0.002010333198010694
24.12	0.00158894366409712
24.13	0.0011417066507328766
24.14	0.0006848361920354096
24.15	0.00023460309907186172
24.16	-0.0001923383833007941
24.17	-0.0005798905548237698
24.18	-0.0009159707803443329
24.19	-0.0011899436409916753
24.2	-0.001393615482925381
24.21	-0.0015215079015000743
24.22	-0.0015677784668572947
24.23	-0.0015354275446697319
24.24	-0.0014291530246040018
24.25	-0.001255346820272507
24.26	-0.001022786260344577
24.27	-0.0007420679404940289
24.28	-0.0004250985192082446
24.29	-8.788477474108713e-05
24.3	0.0002554198942064101
24.31	0.0005907186636838757
24.32	0.0009045035213212094
24.33	0.0011832099520046047
24.34	0.001414973483956361
24.35	0.0015922448069274342
24.36	0.0017087869167645708
24.37	0.0017608566920646052
24.38	0.0017472949247736569
24.39	0.0016669996030548306
24.4	0.0015265919702567299
24.41	0.0013334503815038978
24.42	0.0010962057908392442
24.43	0.0008250786907286756
24.44	0.0005313654342529173
24.45	0.00022761364570289544
24.46	-7.286718860055608e-05
24.47	-0.0003582614202154444
24.48	-0.0006176244135610576
24.49	-0.0008413213157439925
24.5	-0.001020081444878418
24.51	-0.001147543488264291
24.52	-0.001221586097456484
24.53	-0.0012412404376233033
24.54	-0.0012078639044479367
24.55	-0.0011251079194241065
24.56	-0.000997145107308195
24.57	-0.0008338278214965467
24.58	-0.0006448552142670483
24.59	-0.0004405177890974832
24.6	-0.0002316824931652972
24.61	-2.9476884596979502e-05
24.62	0.00015418826937874108
24.63	0.0003100203513739519
24.64	0.0004297911766100171
24.65	0.0005069426738513183
24.66	0.0005368546466293367
24.67	0.0005156567645105969
24.68	0.00044341719385854184
24.69	0.00032390684637984
24.7	0.00016171499269690415
24.71	-3.6621532734759654e-05
24.72	-0.00026290170746134933
24.73	-0.0005078968264927708
24.74	-0.0007596736083171907
24.75	-0.0010071709345227386
24.76	-0.0012395787872722108
24.77	-0.0014466604984569864
24.78	-0.0016187151287040402
24.79	-0.001746133553778284
24.8	-0.0018247438491850732
24.81	-0.0018509841923222137
24.82	-0.001823569759070831
24.83	-0.0017435424530759525
24.84	-0.0016130229219813996
24.85	-0.001438518902241448
24.86	-0.0012291587307677876
24.87	-0.0009944649343363032
24.88	-0.0007451735636551104
24.89	-0.0004928134587693922
24.9	-0.0002502858128596852
24.91	-2.9549638651538146e-05
24.92	0.00015871133343270394
24.93	0.0003050309190275602
24.94	0.00040160848277714933
24.95	0.0004419531735340154
24.96	0.00042083267218040454
24.97	0.0003400875410553006
24.98	0.00020183613522495314
24.99	1.0708268275871902e-05
25.0	-0.0002262946734010729
25.01	-0.0005007945082211585
25.02	-0.0008004958067742152
25.03	-0.0011120757828426697
25.04	-0.001422306610874724
25.05	-0.0017177332885274232
25.06	-0.0019851977192285597
25.07	-0.002209803719845027
25.08	-0.0023819604528017013
25.09	-0.002493183527780718
25.1	-0.0025371244174441365
25.11	-0.0025100442127375944
25.12	-0.0024099923798188705
25.13	-0.0022375008605265423
25.14	-0.0020007612138911446
25.15	-0.0017077482010069422
25.16	-0.0013687974031740824
25.17	-0.0009962501139171298
25.18	-0.0006038816256381807
25.19	-0.00020811905485262905
25.2	0.0001753140824849453
25.21	0.0005314007551628919
25.22	0.0008460514701644772
25.23	0.0011065995506376325
25.24	0.0012986030735706589
25.25	0.001416770936366385
25.26	0.0014564183823000398
25.27	0.0014157019508342916
25.28	0.0012959392784779311
25.29	0.0011005416511267185
25.3	0.0008362518834743593
25.31	0.0005166118799293518
25.32	0.0001545136449521145
25.33	-0.00023538755698693237
25.34	-0.0006372567928747408
25.35	-0.0010338743066926614
25.36	-0.0014076570594683258
25.37	-0.0017432705846061047
25.38	-0.00202678126706779
25.39	-0.0022462814217470983
25.4	-0.002392399801679379
25.41	-0.0024543102729297495
25.42	-0.0024330984016226465
25.43	-0.002329683643431224
25.44	-0.0021482283484367537
25.45	-0.0018961589454833394
25.46	-0.0015830927598323719
25.47	-0.0012223869906455853
25.48	-0.0008317670480424422
25.49	-0.00042812187820651104
25.5	-2.9107297551567157e-05
25.51	0.0003475512881985221
25.52	0.0006826871401792722
25.53	0.0009600847853086236
25.54	0.0011670286862306423
25.55	0.0012926864839859498
25.56	0.0013292555524253569
25.57	0.001272294626377235
25.58	0.001116104059079026
25.59	0.0008692541034365231
25.6	0.000538826560256167
25.61	0.00013522029535129043
25.62	-0.0003282289755981438
25.63	-0.0008361699889982699
25.64	-0.001369738699927403
25.65	-0.0019082523605170598
25.66	-0.002432237753563493
25.67	-0.0029225777352027693
25.68	-0.0033612195166023984
25.69	-0.0037287362427238513
25.7	-0.004011792248592161
25.71	-0.004201106435457014
25.72	-0.004289656355475402
25.73	-0.004274078534174386
25.74	-0.0041546351657628655
25.75	-0.003931069534776954
25.76	-0.0036173654946760614
25.77	-0.0032253604624074006
25.78	-0.0027697245433561113
25.79	-0.002267428975247676
25.8	-0.0017369994004854394
25.81	-0.0011996728526126876
25.82	-0.0006763108229483894
25.83	-0.00018616779164037922
25.84	0.00025280503983693414
25.85	0.0006245937176314609
25.86	0.0009121608213602528
25.87	0.0011065078032488351
25.88	0.0012024645362467279
25.89	0.0011972494264251843
25.9	0.0010917821875251477
25.91	0.0008903123449679473
25.92	0.0005974106585340255
25.93	0.0002295928126190283
25.94	-0.0001989749408384256
25.95	-0.000672110951612348
25.96	-0.0011722714307975668
25.97	-0.0016809160656137134
25.98	-0.0021780737874566025
25.99	-0.0026459181690977607
26.0	-0.003068318771845213
26.01	-0.003431085211519802
26.02	-0.003722448045030635
26.03	-0.003929955954315667
26.04	-0.004049784349458796
26.05	-0.004081013674331779
26.06	-0.004024852744721863
26.07	-0.0038856072096725702
26.08	-0.0036701409889956516
26.09	-0.0033860983563395175
26.1	-0.0030493999889954493
26.11	-0.0026737211468292887
26.12	-0.0022736526480588992
26.13	-0.001864154092017678
26.14	-0.001460466994281484
26.15	-0.0010778264715705088
26.16	-0.0007285067482956098
26.17	-0.00042314153261169274
26.18	-0.000170231072889937
26.19	2.408549225618728e-05
26.2	0.00015353426950626137
26.21	0.00021914207358064708
26.22	0.00022356978922588588
26.23	0.0001710012838285202
26.24	6.764418503779623e-05
26.25	-7.883397571939454e-05
26.26	-0.0002599196881445387
26.27	-0.0004634058592192236
26.28	-0.0006788436437263901
26.29	-0.0008959437283126981
26.3	-0.0011049811293706302
26.31	-0.0012965583285327043
26.32	-0.0014625730802415582
26.33	-0.0015978857307055172
26.34	-0.0016986290892067046
26.35	-0.001762758771894024
26.36	-0.0017900650928313055
26.37	-0.0017807017952262694
26.38	-0.0017393263354965605
26.39	-0.001670982608773297
26.4	-0.001581340313652424
26.41	-0.0014767346194515252
26.42	-0.001363817795895228
26.43	-0.0012496198449167828
26.44	-0.0011407010683295304
26.45	-0.0010424748176571796
26.46	-0.0009593778576955092
26.47	-0.0008946582241589063
26.48	-0.0008508154667652423
26.49	-0.0008283496555181458
26.5	-0.0008256430134194748
26.51	-0.000840403600501638
26.52	-0.0008692445029718776
26.53	-0.000907929900413551
26.54	-0.00095157992476258
26.55	-0.0009944940879726971
26.56	-0.001031528874214871
26.57	-0.0010579799494006004
26.58	-0.0010698299534319666
26.59	-0.0010637877839039245
26.6	-0.0010371858303592774
26.61	-0.000990431775071965
26.62	-0.0009245608983650122
26.63	-0.0008420097409416183
26.64	-0.0007465476624688439
26.65	-0.000643097222859268
26.66	-0.0005382581159103506
26.67	-0.000438994333872067
26.68	-0.0003524211819760925
26.69	-0.0002856331952321156
26.7	-0.0002453556554875558
26.71	-0.0002393792412556106
26.72	-0.00027153601003870875
26.73	-0.00034485006998008494
26.74	-0.00046093387237977623
26.75	-0.0006195623143174789
26.76	-0.0008190037535802386
26.77	-0.0010558817631893813
26.78	-0.0013221415232207434
26.79	-0.0016098207847889956
26.8	-0.0019095561421891283
26.81	-0.002210889980196251
26.82	-0.002501993435481187
26.83	-0.0027704475673038242
26.84	-0.003005261871541043
26.85	-0.003195948928082948
26.86	-0.0033331736777432175
26.87	-0.0034091553142272524
26.88	-0.0034146395128257234
26.89	-0.003348871688700905
26.9	-0.0032115395651935996
26.91	-0.0030044863273357425
26.92	-0.0027321199237668736
26.93	-0.002400699185926114
26.94	-0.0020188415098416623
26.95	-0.0016004709496977298
26.96	-0.0011586029866821335
26.97	-0.0007073514036630701
26.98	-0.0002614068930599789
26.99	0.00016332742352798135
27.0	0.0005515813654446422
27.01	0.0008907586865614103
27.02	0.0011693898398652536
27.03	0.0013780279807287243
27.04	0.001509559441062347
27.05	0.0015554053098338905
27.06	0.001517864136179492
27.07	0.0013990766314362357
27.08	0.0012036256053167271
27.09	0.000938730591490744
27.1	0.0006133173562066219
27.11	0.00023880572097478847
27.12	-0.00016893574572440784
27.13	-0.0005954935144332207
27.14	-0.0010260081978772373
27.15	-0.001445731712148346
27.16	-0.001839288702955244
27.17	-0.002193109399784232
27.18	-0.0024968106475748986
27.19	-0.0027416078021682555
27.2	-0.0029211422888651972
27.21	-0.0030316639994869554
27.22	-0.0030687247901376447
27.23	-0.003037887561912367
27.24	-0.002944177299066153
27.25	-0.002794779311947715
27.26	-0.002598896750767854
27.27	-0.0023670095372139155
27.28	-0.0021116417507685004
27.29	-0.0018469168737147434
27.3	-0.0015856135684568784
27.31	-0.001340022945592212
27.32	-0.0011214533467289733
27.33	-0.0009413651281109381
27.34	-0.0008077064948757151
27.35	-0.0007251940852970318
27.36	-0.0006968765022916656
27.37	-0.000723304630889654
27.38	-0.0008025115714671571
27.39	-0.0009322329445147215
27.4	-0.001102686859676405
27.41	-0.0013049047419657622
27.42	-0.0015284895130400766
27.43	-0.0017619766164619355
27.44	-0.0019930320643298804
27.45	-0.0022082403039427323
27.46	-0.0023959994017603847
27.47	-0.002545646313616645
27.48	-0.0026479022652221573
27.49	-0.0026952631958364615
27.5	-0.00268003979494158
27.51	-0.002600181793942169
27.52	-0.0024565675245606933
27.53	-0.0022514407950001702
27.54	-0.0019894122915209422
27.55	-0.0016772839507890325
27.56	-0.0013222877554979195
27.57	-0.0009377925319213887
27.58	-0.0005355839339327151
27.59	-0.00012813050438187368
27.6	0.000271854888845402
27.61	0.0006512660276425386
27.62	0.000996908253883655
27.63	0.001299037374576928
27.64	0.0015488064454041162
27.65	0.0017392006276624183
27.66	0.0018653020417913613
27.67	0.0019219221018789145
27.68	0.0019102915501543194
27.69	0.001833870018358219
27.7	0.0016971296999133134
27.71	0.0015064733737613079
27.72	0.001269934146067353
27.73	0.0009958350684933226
27.74	0.0006972273226177883
27.75	0.0003852673488575764
27.76	7.12412578640631e-05
27.77	-0.00023380449090315558
27.78	-0.0005188451685207429
27.79	-0.0007733373095371032
27.8	-0.0009899442093985744
27.81	-0.0011622121288800136
27.82	-0.0012853496703718603
27.83	-0.0013563183181176663
27.84	-0.0013718228184469439
27.85	-0.0013338368992587002
27.86	-0.0012455832672949585
27.87	-0.001110920686225314
27.88	-0.0009349431398505414
27.89	-0.0007236531539174251
27.9	-0.00048306688314614377
27.91	-0.00022236120753693633
27.92	5.092071650869556e-05
27.93	0.0003293266909880632
27.94	0.0006057096266312012
27.95	0.0008730711449105311
27.96	0.0011248328706003896
27.97	0.0013562002205196322
27.98	0.0015629445831528699
27.99	0.0017417203120737579
28.0	0.001890019800466547
28.01	0.002004823838676284
28.02	0.002086043886858846
28.03	0.0021339235169783866
28.04	0.0021487877184054316
28.05	0.0021313552690751525
28.06	0.0020825217534710116
28.07	0.0020023070584329616
28.08	0.0018936895717474034
28.09	0.0017581839073947947
28.1	0.0015973841136069922
28.11	0.0014129587338929106
28.12	0.0012062094449473149
28.13	0.0009791168594575073
28.14	0.0007345549852022515
28.15	0.0004750282039485132
28.16	0.0002034377147205335
28.17	-7.687273214873613e-05
28.18	-0.00036205779820230877
28.19	-0.0006471614782112001
28.2	-0.0009270693260963192
28.21	-0.0011961975139126446
28.22	-0.0014485161247014267
28.23	-0.0016774639514297585
28.24	-0.001874793743726566
28.25	-0.00203497673179176
28.26	-0.0021516520608700906
28.27	-0.0022189067641453786
28.28	-0.0022315277193798444
28.29	-0.0021836894445596
28.3	-0.0020718907092214245
28.31	-0.0018963986205552397
28.32	-0.0016573941899150624
28.33	-0.0013567719248359644
28.34	-0.0009982510157782176
28.35	-0.000585455020743253
28.36	-0.00012817012414978457
28.37	0.00036377424366329514
28.38	0.0008796444136118797
28.39	0.001407542325411737
28.4	0.0019345666586805255
28.41	0.002445926906152196
28.42	0.0029282399690362393
28.43	0.003368544317124522
28.44	0.00375470279278467
28.45	0.004075808831764061
28.46	0.00432041203537592
28.47	0.00448073033129448
28.48	0.004554267758763997
28.49	0.0045390431004447285
28.5	0.004435718391928356
28.51	0.004247660511233153
28.52	0.003977782387522444
28.53	0.003638357156831029
28.54	0.0032412768990841556
28.55	0.0027996026923930994
28.56	0.002327864780035105
28.57	0.0018416323279790703
28.58	0.0013581830900247782
28.59	0.0008941866666006826
28.6	0.0004649463753039207
28.61	8.457605053535655e-05
28.62	-0.00023443092843511426
28.63	-0.00047940079387431833
28.64	-0.0006420473341361976
28.65	-0.0007194339306004771
28.66	-0.0007096538856136148
28.67	-0.0006137149179668011
28.68	-0.00043548705868301507
28.69	-0.00017853879898555025
28.7	0.0001442340265356279
28.71	0.0005207802961083585
28.72	0.000937990339351602
28.73	0.0013816649204921871
28.74	0.001836934767493914
28.75	0.0022877626277202356
28.76	0.002719413250157121
28.77	0.0031188050378676557
28.78	0.00347442751323479
28.79	0.0037767367601914126
28.8	0.004016535997860338
28.81	0.004189294238849284
28.82	0.004294960374058188
28.83	0.004334671543227864
28.84	0.004312158623473561
28.85	0.004233526701537649
28.86	0.004105236897222531
28.87	0.003940131829470728
28.88	0.003749943605462547
28.89	0.0035468511695047056
28.9	0.00334325110317768
28.91	0.0031515624885770643
28.92	0.002984535113913611
28.93	0.0028515195470504295
28.94	0.0027605702786478448
28.95	0.0027177140181998682
28.96	0.0027266924106248425
28.97	0.002790441231067864
28.98	0.002907010523652276
28.99	0.003071215200088795
29.0	0.0032768728292930094
29.01	0.0035158830268492425
29.02	0.0037785495599548247
29.03	0.0040539365359830715
29.04	0.0043290856948520196
29.05	0.0045921201093281905
29.06	0.004831581468962787
29.07	0.005036845964103254
29.08	0.005197802482351688
29.09	0.005305053859273268
29.1	0.0053550691715973375
29.11	0.005344910722832941
29.12	0.005274080904339451
29.13	0.005144545785180421
29.14	0.004959170752733999
29.15	0.004726082926650443
29.16	0.00445554285639338
29.17	0.004158299579031688
29.18	0.0038463616152157876
29.19	0.0035325505823342596
29.2	0.0032313807980569598
29.21	0.0029560724107606795
29.22	0.002718807462576134
29.23	0.002530616318927037
29.24	0.00240095530897233
29.25	0.0023385024556173972
29.26	0.002350416737478267
29.27	0.0024367102656829287
29.28	0.0025974135593577197
29.29	0.0028301121616565172
29.3	0.0031300382657662995
29.31	0.00349197044672489
29.32	0.003905298971801918
29.33	0.004358210077163194
29.34	0.0048390026332172376
29.35	0.005335315995333323
29.36	0.0058345822007859205
29.37	0.006323225961282208
29.38	0.006789491702358319
29.39	0.007223004538155164
29.4	0.007614827556516102
29.41	0.007957717544143983
29.42	0.008245335026463962
29.43	0.008473177560986533
29.44	0.008642355890682074
29.45	0.008753979250532229
29.46	0.008810981923238925
29.47	0.008817946244359609
29.48	0.008779512378663479
29.49	0.008704137368189535
29.5	0.008600440510028062
29.51	0.008476522140821618
29.52	0.008340416799529682
29.53	0.008199759949602647
29.54	0.008061948444506584
29.55	0.007932999960258869
29.56	0.007817410702066319
29.57	0.007718318973152449
29.58	0.0076374477438073685
29.59	0.00757541787914584
29.6	0.007531243809667187
29.61	0.007501801529546714
29.62	0.0074836252168616335
29.63	0.007472516831179443
29.64	0.007463819440352348
29.65	0.0074523957067526014
29.66	0.0074333111956342846
29.67	0.007402479029183562
29.68	0.007356567580798723
29.69	0.007293212694317597
29.7	0.007211220392849826
29.71	0.007109893092078212
29.72	0.006992032774942092
29.73	0.006860823236618074
29.74	0.006720749992290553
29.75	0.006577466626492057
29.76	0.006437806425661274
29.77	0.006309916301515894
29.78	0.006201524646341383
29.79	0.006120489816518693
29.8	0.006074383559525054
29.81	0.006070174809123086
29.82	0.006115953792208306
29.83	0.006215599836329466
29.84	0.006371427831420529
29.85	0.006584764638411289
29.86	0.006855110674000131
29.87	0.007180273902729795
29.88	0.007557934333312311
29.89	0.007978952980511433
29.9	0.008435362274393121
29.91	0.008917816543416945
29.92	0.0094158737790907
29.93	0.009918133546869212
29.94	0.010411873277026862
29.95	0.010885315446397925
29.96	0.011327250131925704
29.97	0.011727268059889662
29.98	0.01207607550991463
29.99	0.012363152255049248
30.0	0.012583741746515664
