,IL,cation,anion,x_CO2,T (K),P (bar),x_CO2_hat,residual,relative err.,set,[CH3],[CH2],[CH],[OCH2],[OCH3],[CF2],[CF3],[OH],CH=CH,CH=CH2,[Im13],[MIm],[MMIM],[Py],[MPy],[MPyrro],[MPip],[NH3],[NH2],[NH],[N],[P],[S],[BF4],[Cl],[DCA],[NO3],[PF6],[SCN],[TCB],[C(CN)3],[HSO4],[FSA],[Tf2N],[BETA],[FOR],[TFA],[C3F7CO2],[MeSO4],[EtSO4],[MDEGSO4],[MeSO3],[TfO],[NfO],[TDfO],[TOS],[C12PhSO3],[DMPO4],[DEPO4],[DBPO4],[methide]
8165,"[P6,6,6,14][Tf2N]","[P6,6,6,14]",[Tf2N],0.011523,315.5,0.517,0.14626867,-0.134745665790558,1169.4,test,4,28,0,0,0,0,0,0,0,0,0,0,0,0,0,0,0,0,0,0,0,1,0,0,0,0,0,0,0,0,0,0,0,1,0,0,0,0,0,0,0,0,0,0,0,0,0,0,0,0,0
8166,"[P6,6,6,14][Tf2N]","[P6,6,6,14]",[Tf2N],0.012693,309.25,0.5054,0.13723645,-0.124543446142197,981.2,train,4,28,0,0,0,0,0,0,0,0,0,0,0,0,0,0,0,0,0,0,0,1,0,0,0,0,0,0,0,0,0,0,0,1,0,0,0,0,0,0,0,0,0,0,0,0,0,0,0,0,0
8167,"[P6,6,6,14][Tf2N]","[P6,6,6,14]",[Tf2N],0.013556,305.4,0.4981,0.13172409,-0.118168089384079,871.7,train,4,28,0,0,0,0,0,0,0,0,0,0,0,0,0,0,0,0,0,0,0,1,0,0,0,0,0,0,0,0,0,0,0,1,0,0,0,0,0,0,0,0,0,0,0,0,0,0,0,0,0
8168,"[P6,6,6,14][Tf2N]","[P6,6,6,14]",[Tf2N],0.015438,298.4,0.4846,0.12210607,-0.106668067836285,690.9,train,4,28,0,0,0,0,0,0,0,0,0,0,0,0,0,0,0,0,0,0,0,1,0,0,0,0,0,0,0,0,0,0,0,1,0,0,0,0,0,0,0,0,0,0,0,0,0,0,0,0,0
7392,[HMIM][TfO],[HMIM],[TfO],0.05,313.1,10.4,0.18504053,-0.135040533542633,270.1,train,1,5,0,0,0,0,0,0,0,0,0,1,0,0,0,0,0,0,0,0,0,0,0,0,0,0,0,0,0,0,0,0,0,0,0,0,0,0,0,0,0,0,1,0,0,0,0,0,0,0,0
8728,[EMIM][NfO],[EMIM],[NfO],0.092,313.15,5,-0.027890794,0.119890793979168,130.3,train,1,1,0,0,0,0,0,0,0,0,0,1,0,0,0,0,0,0,0,0,0,0,0,0,0,0,0,0,0,0,0,0,0,0,0,0,0,0,0,0,0,0,0,1,0,0,0,0,0,0,0
8547,[BMIM][TDfO],[BMIM],[TDfO],0.1043,323.2,32.9,0.23445106,-0.130151055526733,124.8,train,1,3,0,0,0,0,0,0,0,0,0,1,0,0,0,0,0,0,0,0,0,0,0,0,0,0,0,0,0,0,0,0,0,0,0,0,0,0,0,0,0,0,0,0,1,0,0,0,0,0,0
8550,[BMIM][TDfO],[BMIM],[TDfO],0.1043,318.2,31.2,0.2302855,-0.125985495519638,120.8,test,1,3,0,0,0,0,0,0,0,0,0,1,0,0,0,0,0,0,0,0,0,0,0,0,0,0,0,0,0,0,0,0,0,0,0,0,0,0,0,0,0,0,0,0,1,0,0,0,0,0,0
1928,[BMIM][MDEGSO4],[BMIM],[MDEGSO4],0.121,313.31,26.5,0.26218557,-0.141185573577881,116.7,train,1,3,0,0,0,0,0,0,0,0,0,1,0,0,0,0,0,0,0,0,0,0,0,0,0,0,0,0,0,0,0,0,0,0,0,0,0,0,0,0,1,0,0,0,0,0,0,0,0,0,0
8369,[BMIM][NfO],[BMIM],[NfO],0.1373,323.2,28.51,0.33783564,-0.200535639715195,146.1,train,1,3,0,0,0,0,0,0,0,0,0,1,0,0,0,0,0,0,0,0,0,0,0,0,0,0,0,0,0,0,0,0,0,0,0,0,0,0,0,0,0,0,0,1,0,0,0,0,0,0,0
8370,[BMIM][NfO],[BMIM],[NfO],0.1373,318.2,26.2,0.32423946,-0.186939462614059,136.2,train,1,3,0,0,0,0,0,0,0,0,0,1,0,0,0,0,0,0,0,0,0,0,0,0,0,0,0,0,0,0,0,0,0,0,0,0,0,0,0,0,0,0,0,1,0,0,0,0,0,0,0
8373,[BMIM][NfO],[BMIM],[NfO],0.1373,313.2,23.48,0.30057922,-0.163279220056534,118.9,train,1,3,0,0,0,0,0,0,0,0,0,1,0,0,0,0,0,0,0,0,0,0,0,0,0,0,0,0,0,0,0,0,0,0,0,0,0,0,0,0,0,0,0,1,0,0,0,0,0,0,0
8375,[BMIM][NfO],[BMIM],[NfO],0.1373,308.2,20.93,0.27368802,-0.136388018321991,99.3,train,1,3,0,0,0,0,0,0,0,0,0,1,0,0,0,0,0,0,0,0,0,0,0,0,0,0,0,0,0,0,0,0,0,0,0,0,0,0,0,0,0,0,0,1,0,0,0,0,0,0,0
4759,[HMIM][Tf2N],[HMIM],[Tf2N],0.14,343.15,17.93,0.24516943,-0.105169430971146,75.1,train,1,5,0,0,0,0,0,0,0,0,0,1,0,0,0,0,0,0,0,0,0,0,0,0,0,0,0,0,0,0,0,0,0,1,0,0,0,0,0,0,0,0,0,0,0,0,0,0,0,0,0
10114,[HMIM][Tf2N],[HMIM],[Tf2N],0.14,343.15,17.93,0.24516943,-0.105169430971146,75.1,train,1,5,0,0,0,0,0,0,0,0,0,1,0,0,0,0,0,0,0,0,0,0,0,0,0,0,0,0,0,0,0,0,0,1,0,0,0,0,0,0,0,0,0,0,0,0,0,0,0,0,0
3028,[EMIM][DCA],[EMIM],[DCA],0.14769488612451,333.2,43.45,0.24916732,-0.101472436987978,68.7,train,1,1,0,0,0,0,0,0,0,0,0,1,0,0,0,0,0,0,0,0,0,0,0,0,0,1,0,0,0,0,0,0,0,0,0,0,0,0,0,0,0,0,0,0,0,0,0,0,0,0,0
3022,[EMIM][DCA],[EMIM],[DCA],0.15143218059015,343.2,59.44,0.28068972,-0.129257535748961,85.4,train,1,1,0,0,0,0,0,0,0,0,0,1,0,0,0,0,0,0,0,0,0,0,0,0,0,1,0,0,0,0,0,0,0,0,0,0,0,0,0,0,0,0,0,0,0,0,0,0,0,0,0
3029,[EMIM][DCA],[EMIM],[DCA],0.161630032044203,323.2,42.54,0.2761963,-0.114566268939226,70.9,train,1,1,0,0,0,0,0,0,0,0,0,1,0,0,0,0,0,0,0,0,0,0,0,0,0,1,0,0,0,0,0,0,0,0,0,0,0,0,0,0,0,0,0,0,0,0,0,0,0,0,0
6901,[BMIM][Tf2N],[BMIM],[Tf2N],0.16237899222255,323.15,17.3,0.2672393,-0.104860310174224,64.6,test,1,3,0,0,0,0,0,0,0,0,0,1,0,0,0,0,0,0,0,0,0,0,0,0,0,0,0,0,0,0,0,0,0,1,0,0,0,0,0,0,0,0,0,0,0,0,0,0,0,0,0
6239,"[P6,6,6,14][Tf2N]","[P6,6,6,14]",[Tf2N],0.169,363.24,10.66,0.32451373,-0.155513733386993,92,train,4,28,0,0,0,0,0,0,0,0,0,0,0,0,0,0,0,0,0,0,0,1,0,0,0,0,0,0,0,0,0,0,0,1,0,0,0,0,0,0,0,0,0,0,0,0,0,0,0,0,0
6242,"[P6,6,6,14][Tf2N]","[P6,6,6,14]",[Tf2N],0.169,353.21,9.09,0.31052667,-0.141526669025421,83.7,test,4,28,0,0,0,0,0,0,0,0,0,0,0,0,0,0,0,0,0,0,0,1,0,0,0,0,0,0,0,0,0,0,0,1,0,0,0,0,0,0,0,0,0,0,0,0,0,0,0,0,0
6245,"[P6,6,6,14][Tf2N]","[P6,6,6,14]",[Tf2N],0.169,343.22,7.6,0.2924031,-0.123403101921082,73,test,4,28,0,0,0,0,0,0,0,0,0,0,0,0,0,0,0,0,0,0,0,1,0,0,0,0,0,0,0,0,0,0,0,1,0,0,0,0,0,0,0,0,0,0,0,0,0,0,0,0,0
3023,[EMIM][DCA],[EMIM],[DCA],0.171021557145797,333.2,58.75,0.3055247,-0.134503149694718,78.6,train,1,1,0,0,0,0,0,0,0,0,0,1,0,0,0,0,0,0,0,0,0,0,0,0,0,1,0,0,0,0,0,0,0,0,0,0,0,0,0,0,0,0,0,0,0,0,0,0,0,0,0
7873,[OMIM][BF4],[OMIM],[BF4],0.173813665987957,258.2,3.1,0.27649164,-0.102677976010334,59.1,train,1,7,0,0,0,0,0,0,0,0,0,1,0,0,0,0,0,0,0,0,0,0,0,1,0,0,0,0,0,0,0,0,0,0,0,0,0,0,0,0,0,0,0,0,0,0,0,0,0,0,0
3030,[EMIM][DCA],[EMIM],[DCA],0.183850680294505,313.2,41.8,0.30749243,-0.12364175468398,67.3,train,1,1,0,0,0,0,0,0,0,0,0,1,0,0,0,0,0,0,0,0,0,0,0,0,0,1,0,0,0,0,0,0,0,0,0,0,0,0,0,0,0,0,0,0,0,0,0,0,0,0,0
3024,[EMIM][DCA],[EMIM],[DCA],0.186461053006853,323.2,57.28,0.3304867,-0.144025661833082,77.2,train,1,1,0,0,0,0,0,0,0,0,0,1,0,0,0,0,0,0,0,0,0,0,0,0,0,1,0,0,0,0,0,0,0,0,0,0,0,0,0,0,0,0,0,0,0,0,0,0,0,0,0
3025,[EMIM][DCA],[EMIM],[DCA],0.202004492975326,313.2,56.04,0.35963315,-0.157628654741196,78,train,1,1,0,0,0,0,0,0,0,0,0,1,0,0,0,0,0,0,0,0,0,0,0,0,0,1,0,0,0,0,0,0,0,0,0,0,0,0,0,0,0,0,0,0,0,0,0,0,0,0,0
8366,[BMIM][NfO],[BMIM],[NfO],0.2048,323.2,30.45,0.3593748,-0.154574791383743,75.5,train,1,3,0,0,0,0,0,0,0,0,0,1,0,0,0,0,0,0,0,0,0,0,0,0,0,0,0,0,0,0,0,0,0,0,0,0,0,0,0,0,0,0,0,1,0,0,0,0,0,0,0
8368,[BMIM][NfO],[BMIM],[NfO],0.2048,318.2,28.84,0.35681802,-0.152018020343781,74.2,train,1,3,0,0,0,0,0,0,0,0,0,1,0,0,0,0,0,0,0,0,0,0,0,0,0,0,0,0,0,0,0,0,0,0,0,0,0,0,0,0,0,0,0,1,0,0,0,0,0,0,0
8371,[BMIM][NfO],[BMIM],[NfO],0.2048,313.2,25.65,0.33117554,-0.126375535917282,61.7,train,1,3,0,0,0,0,0,0,0,0,0,1,0,0,0,0,0,0,0,0,0,0,0,0,0,0,0,0,0,0,0,0,0,0,0,0,0,0,0,0,0,0,0,1,0,0,0,0,0,0,0
8372,[BMIM][NfO],[BMIM],[NfO],0.2048,308.2,23.51,0.31446594,-0.109665939998627,53.5,train,1,3,0,0,0,0,0,0,0,0,0,1,0,0,0,0,0,0,0,0,0,0,0,0,0,0,0,0,0,0,0,0,0,0,0,0,0,0,0,0,0,0,0,1,0,0,0,0,0,0,0
6235,"[P6,6,6,14][Tf2N]","[P6,6,6,14]",[Tf2N],0.205,363.4,14.25,0.36079773,-0.155797733068466,76,train,4,28,0,0,0,0,0,0,0,0,0,0,0,0,0,0,0,0,0,0,0,1,0,0,0,0,0,0,0,0,0,0,0,1,0,0,0,0,0,0,0,0,0,0,0,0,0,0,0,0,0
6237,"[P6,6,6,14][Tf2N]","[P6,6,6,14]",[Tf2N],0.205,353.21,12.35,0.34902233,-0.144022328853607,70.3,train,4,28,0,0,0,0,0,0,0,0,0,0,0,0,0,0,0,0,0,0,0,1,0,0,0,0,0,0,0,0,0,0,0,1,0,0,0,0,0,0,0,0,0,0,0,0,0,0,0,0,0
6240,"[P6,6,6,14][Tf2N]","[P6,6,6,14]",[Tf2N],0.205,343.2,10.55,0.33274245,-0.12774245262146,62.3,test,4,28,0,0,0,0,0,0,0,0,0,0,0,0,0,0,0,0,0,0,0,1,0,0,0,0,0,0,0,0,0,0,0,1,0,0,0,0,0,0,0,0,0,0,0,0,0,0,0,0,0
6243,"[P6,6,6,14][Tf2N]","[P6,6,6,14]",[Tf2N],0.205,333.15,8.87,0.3116537,-0.106653703451157,52,test,4,28,0,0,0,0,0,0,0,0,0,0,0,0,0,0,0,0,0,0,0,1,0,0,0,0,0,0,0,0,0,0,0,1,0,0,0,0,0,0,0,0,0,0,0,0,0,0,0,0,0
7876,[OMIM][BF4],[OMIM],[BF4],0.205234659257946,243.2,2.51,0.34561732,-0.1403826648559,68.4,train,1,7,0,0,0,0,0,0,0,0,0,1,0,0,0,0,0,0,0,0,0,0,0,1,0,0,0,0,0,0,0,0,0,0,0,0,0,0,0,0,0,0,0,0,0,0,0,0,0,0,0
1926,[BMIM][MDEGSO4],[BMIM],[MDEGSO4],0.206,313.31,44.1,0.37733528,-0.171335280179977,83.2,train,1,3,0,0,0,0,0,0,0,0,0,1,0,0,0,0,0,0,0,0,0,0,0,0,0,0,0,0,0,0,0,0,0,0,0,0,0,0,0,0,1,0,0,0,0,0,0,0,0,0,0
3031,[EMIM][DCA],[EMIM],[DCA],0.206254483875792,303.2,40.8,0.34206533,-0.135810850444276,65.8,train,1,1,0,0,0,0,0,0,0,0,0,1,0,0,0,0,0,0,0,0,0,0,0,0,0,1,0,0,0,0,0,0,0,0,0,0,0,0,0,0,0,0,0,0,0,0,0,0,0,0,0
9335,[HMIM][C(CN)3],[HMIM],[C(CN)3],0.208,303.15,5.9,0.107346706,0.100653293907642,48.4,train,1,5,0,0,0,0,0,0,0,0,0,1,0,0,0,0,0,0,0,0,0,0,0,0,0,0,0,0,0,0,1,0,0,0,0,0,0,0,0,0,0,0,0,0,0,0,0,0,0,0,0
9445,[C12MIM][Tf2N],[C12MIM],[Tf2N],0.2128,373.15,28.3,0.32042867,-0.107628669452667,50.6,train,1,11,0,0,0,0,0,0,0,0,0,1,0,0,0,0,0,0,0,0,0,0,0,0,0,0,0,0,0,0,0,0,0,1,0,0,0,0,0,0,0,0,0,0,0,0,0,0,0,0,0
7138,[HMIM][PF6],[HMIM],[PF6],0.216,313.15,5.3,0.102175124,0.113824876010418,52.7,train,1,5,0,0,0,0,0,0,0,0,0,1,0,0,0,0,0,0,0,0,0,0,0,0,0,0,0,1,0,0,0,0,0,0,0,0,0,0,0,0,0,0,0,0,0,0,0,0,0,0,0
7139,[HMIM][PF6],[HMIM],[PF6],0.216,303.15,3,0.078931265,0.137068735420704,63.5,train,1,5,0,0,0,0,0,0,0,0,0,1,0,0,0,0,0,0,0,0,0,0,0,0,0,0,0,1,0,0,0,0,0,0,0,0,0,0,0,0,0,0,0,0,0,0,0,0,0,0,0
3026,[EMIM][DCA],[EMIM],[DCA],0.217441151874195,303.2,54.47,0.39225698,-0.174815823299755,80.4,train,1,1,0,0,0,0,0,0,0,0,0,1,0,0,0,0,0,0,0,0,0,0,0,0,0,1,0,0,0,0,0,0,0,0,0,0,0,0,0,0,0,0,0,0,0,0,0,0,0,0,0
6900,[BMIM][Tf2N],[BMIM],[Tf2N],0.226517524930891,323.15,26,0.3650767,-0.138559165981356,61.2,train,1,3,0,0,0,0,0,0,0,0,0,1,0,0,0,0,0,0,0,0,0,0,0,0,0,0,0,0,0,0,0,0,0,1,0,0,0,0,0,0,0,0,0,0,0,0,0,0,0,0,0
1413,[HMIM][BF4],[HMIM],[BF4],0.231127998274036,307.55,30.8,0.3450099,-0.113881894904904,49.3,train,1,5,0,0,0,0,0,0,0,0,0,1,0,0,0,0,0,0,0,0,0,0,0,1,0,0,0,0,0,0,0,0,0,0,0,0,0,0,0,0,0,0,0,0,0,0,0,0,0,0,0
8100,[BMIM][NfO],[BMIM],[NfO],0.2399,313.15,13.57,0.13570029,0.104199714565277,43.4,train,1,3,0,0,0,0,0,0,0,0,0,1,0,0,0,0,0,0,0,0,0,0,0,0,0,0,0,0,0,0,0,0,0,0,0,0,0,0,0,0,0,0,0,1,0,0,0,0,0,0,0
7389,[HMIM][TfO],[HMIM],[TfO],0.24,313.1,23.7,0.34140033,-0.101400325298309,42.3,train,1,5,0,0,0,0,0,0,0,0,0,1,0,0,0,0,0,0,0,0,0,0,0,0,0,0,0,0,0,0,0,0,0,0,0,0,0,0,0,0,0,0,1,0,0,0,0,0,0,0,0
4806,[EMIM][BF4],[EMIM],[BF4],0.240544130597222,303.2,41.55,0.347843,-0.107298860754859,44.6,train,1,1,0,0,0,0,0,0,0,0,0,1,0,0,0,0,0,0,0,0,0,0,0,1,0,0,0,0,0,0,0,0,0,0,0,0,0,0,0,0,0,0,0,0,0,0,0,0,0,0,0
7871,[OMIM][BF4],[OMIM],[BF4],0.25,243.2,3.25,0.36522225,-0.115222245454788,46.1,train,1,7,0,0,0,0,0,0,0,0,0,1,0,0,0,0,0,0,0,0,0,0,0,1,0,0,0,0,0,0,0,0,0,0,0,0,0,0,0,0,0,0,0,0,0,0,0,0,0,0,0
9443,[C12MIM][Tf2N],[C12MIM],[Tf2N],0.2635,373.15,37.1,0.3752486,-0.111748610973358,42.4,train,1,11,0,0,0,0,0,0,0,0,0,1,0,0,0,0,0,0,0,0,0,0,0,0,0,0,0,0,0,0,0,0,0,1,0,0,0,0,0,0,0,0,0,0,0,0,0,0,0,0,0
6899,[BMIM][Tf2N],[BMIM],[Tf2N],0.265611558258854,323.15,31.7,0.41785675,-0.152245194613613,57.3,train,1,3,0,0,0,0,0,0,0,0,0,1,0,0,0,0,0,0,0,0,0,0,0,0,0,0,0,0,0,0,0,0,0,1,0,0,0,0,0,0,0,0,0,0,0,0,0,0,0,0,0
8099,[BMIM][NfO],[BMIM],[NfO],0.2659,303.15,13.71,0.15040597,0.11549402680397,43.4,train,1,3,0,0,0,0,0,0,0,0,0,1,0,0,0,0,0,0,0,0,0,0,0,0,0,0,0,0,0,0,0,0,0,0,0,0,0,0,0,0,0,0,0,1,0,0,0,0,0,0,0
8102,[BMIM][NfO],[BMIM],[NfO],0.2831,293.15,12.21,0.13341838,0.149681618785858,52.9,train,1,3,0,0,0,0,0,0,0,0,0,1,0,0,0,0,0,0,0,0,0,0,0,0,0,0,0,0,0,0,0,0,0,0,0,0,0,0,0,0,0,0,0,1,0,0,0,0,0,0,0
6898,[BMIM][Tf2N],[BMIM],[Tf2N],0.290757544675133,323.15,36.3,0.45509005,-0.164332501253822,56.5,train,1,3,0,0,0,0,0,0,0,0,0,1,0,0,0,0,0,0,0,0,0,0,0,0,0,0,0,0,0,0,0,0,0,1,0,0,0,0,0,0,0,0,0,0,0,0,0,0,0,0,0
8558,[BMIM][TDfO],[BMIM],[TDfO],0.2949,298.2,23,0.15035251,0.144547492170334,49,train,1,3,0,0,0,0,0,0,0,0,0,1,0,0,0,0,0,0,0,0,0,0,0,0,0,0,0,0,0,0,0,0,0,0,0,0,0,0,0,0,0,0,0,0,1,0,0,0,0,0,0
9440,[C12MIM][Tf2N],[C12MIM],[Tf2N],0.296,373.15,45.8,0.4235555,-0.127555493354797,43.1,train,1,11,0,0,0,0,0,0,0,0,0,1,0,0,0,0,0,0,0,0,0,0,0,0,0,0,0,0,0,0,0,0,0,1,0,0,0,0,0,0,0,0,0,0,0,0,0,0,0,0,0
2719,[BMIM][NO3],[BMIM],[NO3],0.2997,368.19,128.32,0.41223985,-0.112539849567413,37.6,train,1,3,0,0,0,0,0,0,0,0,0,1,0,0,0,0,0,0,0,0,0,0,0,0,0,0,1,0,0,0,0,0,0,0,0,0,0,0,0,0,0,0,0,0,0,0,0,0,0,0,0
7388,[HMIM][TfO],[HMIM],[TfO],0.3,313.1,32.9,0.42156434,-0.121564340591431,40.5,train,1,5,0,0,0,0,0,0,0,0,0,1,0,0,0,0,0,0,0,0,0,0,0,0,0,0,0,0,0,0,0,0,0,0,0,0,0,0,0,0,0,0,1,0,0,0,0,0,0,0,0
4222,[OMIM][Tf2N],[OMIM],[Tf2N],0.3019,324.15,9.6,0.20184407,0.100055933618546,33.1,train,1,7,0,0,0,0,0,0,0,0,0,1,0,0,0,0,0,0,0,0,0,0,0,0,0,0,0,0,0,0,0,0,0,1,0,0,0,0,0,0,0,0,0,0,0,0,0,0,0,0,0
4223,[OMIM][Tf2N],[OMIM],[Tf2N],0.3019,314.05,8.2,0.19628036,0.105619639778137,35,test,1,7,0,0,0,0,0,0,0,0,0,1,0,0,0,0,0,0,0,0,0,0,0,0,0,0,0,0,0,0,0,0,0,1,0,0,0,0,0,0,0,0,0,0,0,0,0,0,0,0,0
4224,[OMIM][Tf2N],[OMIM],[Tf2N],0.3019,303.85,7.2,0.19601142,0.105888575935364,35.1,train,1,7,0,0,0,0,0,0,0,0,0,1,0,0,0,0,0,0,0,0,0,0,0,0,0,0,0,0,0,0,0,0,0,1,0,0,0,0,0,0,0,0,0,0,0,0,0,0,0,0,0
4225,[OMIM][Tf2N],[OMIM],[Tf2N],0.3019,301.15,6.8,0.19284824,0.109051764631271,36.1,test,1,7,0,0,0,0,0,0,0,0,0,1,0,0,0,0,0,0,0,0,0,0,0,0,0,0,0,0,0,0,0,0,0,1,0,0,0,0,0,0,0,0,0,0,0,0,0,0,0,0,0
4635,[C7MPYR][Tf2N],[C7MPYR],[Tf2N],0.302,313.15,4.5,0.19479513,0.10720486831665,35.5,test,1,6,0,0,0,0,0,0,0,0,0,0,0,0,0,1,0,0,0,0,0,0,0,0,0,0,0,0,0,0,0,0,0,1,0,0,0,0,0,0,0,0,0,0,0,0,0,0,0,0,0
6669,[C7MPYR][Tf2N],[C7MPYR],[Tf2N],0.302,313.15,4.5,0.19479513,0.10720486831665,35.5,test,1,6,0,0,0,0,0,0,0,0,0,0,0,0,0,1,0,0,0,0,0,0,0,0,0,0,0,0,0,0,0,0,0,1,0,0,0,0,0,0,0,0,0,0,0,0,0,0,0,0,0
4636,[C7MPYR][Tf2N],[C7MPYR],[Tf2N],0.302,303.15,2.6,0.16001257,0.141987426996231,47,train,1,6,0,0,0,0,0,0,0,0,0,0,0,0,0,1,0,0,0,0,0,0,0,0,0,0,0,0,0,0,0,0,0,1,0,0,0,0,0,0,0,0,0,0,0,0,0,0,0,0,0
6670,[C7MPYR][Tf2N],[C7MPYR],[Tf2N],0.302,303.15,2.6,0.16001257,0.141987426996231,47,test,1,6,0,0,0,0,0,0,0,0,0,0,0,0,0,1,0,0,0,0,0,0,0,0,0,0,0,0,0,0,0,0,0,1,0,0,0,0,0,0,0,0,0,0,0,0,0,0,0,0,0
6226,"[P6,6,6,14][Tf2N]","[P6,6,6,14]",[Tf2N],0.308,363.29,22.46,0.43326527,-0.125265268802643,40.7,train,4,28,0,0,0,0,0,0,0,0,0,0,0,0,0,0,0,0,0,0,0,1,0,0,0,0,0,0,0,0,0,0,0,1,0,0,0,0,0,0,0,0,0,0,0,0,0,0,0,0,0
6228,"[P6,6,6,14][Tf2N]","[P6,6,6,14]",[Tf2N],0.308,353.11,19.93,0.42704368,-0.119043676376343,38.7,test,4,28,0,0,0,0,0,0,0,0,0,0,0,0,0,0,0,0,0,0,0,1,0,0,0,0,0,0,0,0,0,0,0,1,0,0,0,0,0,0,0,0,0,0,0,0,0,0,0,0,0
6231,"[P6,6,6,14][Tf2N]","[P6,6,6,14]",[Tf2N],0.308,343.13,17.39,0.41480857,-0.106808571338654,34.7,train,4,28,0,0,0,0,0,0,0,0,0,0,0,0,0,0,0,0,0,0,0,1,0,0,0,0,0,0,0,0,0,0,0,1,0,0,0,0,0,0,0,0,0,0,0,0,0,0,0,0,0
6897,[BMIM][Tf2N],[BMIM],[Tf2N],0.316537274209665,323.15,40.8,0.4875362,-0.170998917730643,54,train,1,3,0,0,0,0,0,0,0,0,0,1,0,0,0,0,0,0,0,0,0,0,0,0,0,0,0,0,0,0,0,0,0,1,0,0,0,0,0,0,0,0,0,0,0,0,0,0,0,0,0
1917,[BMIM][Tf2N],[BMIM],[Tf2N],0.319,293.21,9.15,0.21812496,0.100875044107437,31.6,train,1,3,0,0,0,0,0,0,0,0,0,1,0,0,0,0,0,0,0,0,0,0,0,0,0,0,0,0,0,0,0,0,0,1,0,0,0,0,0,0,0,0,0,0,0,0,0,0,0,0,0
6726,[C9MPYR][Tf2N],[C9MPYR],[Tf2N],0.323,303.15,2.6,0.1912027,0.131797299861908,40.8,train,1,8,0,0,0,0,0,0,0,0,0,0,0,0,0,1,0,0,0,0,0,0,0,0,0,0,0,0,0,0,0,0,0,1,0,0,0,0,0,0,0,0,0,0,0,0,0,0,0,0,0
4566,[C5MPYR][Tf2N],[C5MPYR],[Tf2N],0.33,353.15,11.4,0.20282248,0.127177523374558,38.5,train,1,4,0,0,0,0,0,0,0,0,0,0,0,0,0,1,0,0,0,0,0,0,0,0,0,0,0,0,0,0,0,0,0,1,0,0,0,0,0,0,0,0,0,0,0,0,0,0,0,0,0
6600,[C5MPYR][Tf2N],[C5MPYR],[Tf2N],0.33,353.15,11.4,0.20282248,0.127177523374558,38.5,train,1,4,0,0,0,0,0,0,0,0,0,0,0,0,0,1,0,0,0,0,0,0,0,0,0,0,0,0,0,0,0,0,0,1,0,0,0,0,0,0,0,0,0,0,0,0,0,0,0,0,0
4568,[C5MPYR][Tf2N],[C5MPYR],[Tf2N],0.33,343.15,10.1,0.20227611,0.127723889350891,38.7,train,1,4,0,0,0,0,0,0,0,0,0,0,0,0,0,1,0,0,0,0,0,0,0,0,0,0,0,0,0,0,0,0,0,1,0,0,0,0,0,0,0,0,0,0,0,0,0,0,0,0,0
6602,[C5MPYR][Tf2N],[C5MPYR],[Tf2N],0.33,343.15,10.1,0.20227611,0.127723889350891,38.7,train,1,4,0,0,0,0,0,0,0,0,0,0,0,0,0,1,0,0,0,0,0,0,0,0,0,0,0,0,0,0,0,0,0,1,0,0,0,0,0,0,0,0,0,0,0,0,0,0,0,0,0
4564,[C5MPYR][Tf2N],[C5MPYR],[Tf2N],0.33,363.15,12,0.19398785,0.136012153625488,41.2,train,1,4,0,0,0,0,0,0,0,0,0,0,0,0,0,1,0,0,0,0,0,0,0,0,0,0,0,0,0,0,0,0,0,1,0,0,0,0,0,0,0,0,0,0,0,0,0,0,0,0,0
6598,[C5MPYR][Tf2N],[C5MPYR],[Tf2N],0.33,363.15,12,0.19398785,0.136012153625488,41.2,train,1,4,0,0,0,0,0,0,0,0,0,0,0,0,0,1,0,0,0,0,0,0,0,0,0,0,0,0,0,0,0,0,0,1,0,0,0,0,0,0,0,0,0,0,0,0,0,0,0,0,0
4563,[C5MPYR][Tf2N],[C5MPYR],[Tf2N],0.33,373.15,13.3,0.19089824,0.139101760387421,42.2,train,1,4,0,0,0,0,0,0,0,0,0,0,0,0,0,1,0,0,0,0,0,0,0,0,0,0,0,0,0,0,0,0,0,1,0,0,0,0,0,0,0,0,0,0,0,0,0,0,0,0,0
6597,[C5MPYR][Tf2N],[C5MPYR],[Tf2N],0.33,373.15,13.3,0.19089824,0.139101760387421,42.2,test,1,4,0,0,0,0,0,0,0,0,0,0,0,0,0,1,0,0,0,0,0,0,0,0,0,0,0,0,0,0,0,0,0,1,0,0,0,0,0,0,0,0,0,0,0,0,0,0,0,0,0
4570,[C5MPYR][Tf2N],[C5MPYR],[Tf2N],0.33,333.15,8.2,0.18975285,0.140247153043747,42.5,train,1,4,0,0,0,0,0,0,0,0,0,0,0,0,0,1,0,0,0,0,0,0,0,0,0,0,0,0,0,0,0,0,0,1,0,0,0,0,0,0,0,0,0,0,0,0,0,0,0,0,0
6604,[C5MPYR][Tf2N],[C5MPYR],[Tf2N],0.33,333.15,8.2,0.18975285,0.140247153043747,42.5,test,1,4,0,0,0,0,0,0,0,0,0,0,0,0,0,1,0,0,0,0,0,0,0,0,0,0,0,0,0,0,0,0,0,1,0,0,0,0,0,0,0,0,0,0,0,0,0,0,0,0,0
4573,[C5MPYR][Tf2N],[C5MPYR],[Tf2N],0.33,323.15,7.1,0.18419734,0.145802663564682,44.2,train,1,4,0,0,0,0,0,0,0,0,0,0,0,0,0,1,0,0,0,0,0,0,0,0,0,0,0,0,0,0,0,0,0,1,0,0,0,0,0,0,0,0,0,0,0,0,0,0,0,0,0
6607,[C5MPYR][Tf2N],[C5MPYR],[Tf2N],0.33,323.15,7.1,0.18419734,0.145802663564682,44.2,test,1,4,0,0,0,0,0,0,0,0,0,0,0,0,0,1,0,0,0,0,0,0,0,0,0,0,0,0,0,0,0,0,0,1,0,0,0,0,0,0,0,0,0,0,0,0,0,0,0,0,0
4575,[C5MPYR][Tf2N],[C5MPYR],[Tf2N],0.33,313.15,5.7,0.16932285,0.160677151679993,48.7,train,1,4,0,0,0,0,0,0,0,0,0,0,0,0,0,1,0,0,0,0,0,0,0,0,0,0,0,0,0,0,0,0,0,1,0,0,0,0,0,0,0,0,0,0,0,0,0,0,0,0,0
6609,[C5MPYR][Tf2N],[C5MPYR],[Tf2N],0.33,313.15,5.7,0.16932285,0.160677151679993,48.7,train,1,4,0,0,0,0,0,0,0,0,0,0,0,0,0,1,0,0,0,0,0,0,0,0,0,0,0,0,0,0,0,0,0,1,0,0,0,0,0,0,0,0,0,0,0,0,0,0,0,0,0
4577,[C5MPYR][Tf2N],[C5MPYR],[Tf2N],0.33,303.15,4.9,0.16163474,0.168365256786346,51,test,1,4,0,0,0,0,0,0,0,0,0,0,0,0,0,1,0,0,0,0,0,0,0,0,0,0,0,0,0,0,0,0,0,1,0,0,0,0,0,0,0,0,0,0,0,0,0,0,0,0,0
6611,[C5MPYR][Tf2N],[C5MPYR],[Tf2N],0.33,303.15,4.9,0.16163474,0.168365256786346,51,train,1,4,0,0,0,0,0,0,0,0,0,0,0,0,0,1,0,0,0,0,0,0,0,0,0,0,0,0,0,0,0,0,0,1,0,0,0,0,0,0,0,0,0,0,0,0,0,0,0,0,0
9447,[C12MIM][Tf2N],[C12MIM],[Tf2N],0.3385,333.15,27.4,0.4412861,-0.102786087036133,30.4,train,1,11,0,0,0,0,0,0,0,0,0,1,0,0,0,0,0,0,0,0,0,0,0,0,0,0,0,0,0,0,0,0,0,1,0,0,0,0,0,0,0,0,0,0,0,0,0,0,0,0,0
9442,[C12MIM][Tf2N],[C12MIM],[Tf2N],0.3439,353.15,37.1,0.4451834,-0.101283396339417,29.5,train,1,11,0,0,0,0,0,0,0,0,0,1,0,0,0,0,0,0,0,0,0,0,0,0,0,0,0,0,0,0,0,0,0,1,0,0,0,0,0,0,0,0,0,0,0,0,0,0,0,0,0
1924,[BMIM][MDEGSO4],[BMIM],[MDEGSO4],0.345,313.31,63.9,0.47476345,-0.129763453006744,37.6,train,1,3,0,0,0,0,0,0,0,0,0,1,0,0,0,0,0,0,0,0,0,0,0,0,0,0,0,0,0,0,0,0,0,0,0,0,0,0,0,0,1,0,0,0,0,0,0,0,0,0,0
10001,[OMIM][SCN],[OMIM],[SCN],0.345,373.15,162.9,0.44739145,-0.102391450405121,29.7,train,1,7,0,0,0,0,0,0,0,0,0,1,0,0,0,0,0,0,0,0,0,0,0,0,0,0,0,0,1,0,0,0,0,0,0,0,0,0,0,0,0,0,0,0,0,0,0,0,0,0,0
9436,[C12MIM][Tf2N],[C12MIM],[Tf2N],0.3509,373.15,56.7,0.47733432,-0.126434320545197,36,train,1,11,0,0,0,0,0,0,0,0,0,1,0,0,0,0,0,0,0,0,0,0,0,0,0,0,0,0,0,0,0,0,0,1,0,0,0,0,0,0,0,0,0,0,0,0,0,0,0,0,0
7133,[HMIM][PF6],[HMIM],[PF6],0.355,313.15,16.6,0.24604756,0.108952443599701,30.7,train,1,5,0,0,0,0,0,0,0,0,0,1,0,0,0,0,0,0,0,0,0,0,0,0,0,0,0,1,0,0,0,0,0,0,0,0,0,0,0,0,0,0,0,0,0,0,0,0,0,0,0
7136,[HMIM][PF6],[HMIM],[PF6],0.355,303.15,10.7,0.2003271,0.154672901630402,43.6,train,1,5,0,0,0,0,0,0,0,0,0,1,0,0,0,0,0,0,0,0,0,0,0,0,0,0,0,1,0,0,0,0,0,0,0,0,0,0,0,0,0,0,0,0,0,0,0,0,0,0,0
9441,[C12MIM][Tf2N],[C12MIM],[Tf2N],0.3579,353.15,43.2,0.48318875,-0.12528874835968,35,train,1,11,0,0,0,0,0,0,0,0,0,1,0,0,0,0,0,0,0,0,0,0,0,0,0,0,0,0,0,0,0,0,0,1,0,0,0,0,0,0,0,0,0,0,0,0,0,0,0,0,0
3295,"[P6,6,6,14][Tf2N]","[P6,6,6,14]",[Tf2N],0.3603,293.65,5.3,0.23229182,0.1280081823349,35.5,train,4,28,0,0,0,0,0,0,0,0,0,0,0,0,0,0,0,0,0,0,0,1,0,0,0,0,0,0,0,0,0,0,0,1,0,0,0,0,0,0,0,0,0,0,0,0,0,0,0,0,0
7916,[OMIM][Tf2N],[OMIM],[Tf2N],0.369,298.15,10,0.26549283,0.103507173299789,28.1,train,1,7,0,0,0,0,0,0,0,0,0,1,0,0,0,0,0,0,0,0,0,0,0,0,0,0,0,0,0,0,0,0,0,1,0,0,0,0,0,0,0,0,0,0,0,0,0,0,0,0,0
8095,[BMIM][NfO],[BMIM],[NfO],0.3837,293.15,18.53,0.26884335,0.114856647205353,29.9,train,1,3,0,0,0,0,0,0,0,0,0,1,0,0,0,0,0,0,0,0,0,0,0,0,0,0,0,0,0,0,0,0,0,0,0,0,0,0,0,0,0,0,0,1,0,0,0,0,0,0,0
9444,[C12MIM][Tf2N],[C12MIM],[Tf2N],0.3986,333.15,35.3,0.5080652,-0.109465223693848,27.5,train,1,11,0,0,0,0,0,0,0,0,0,1,0,0,0,0,0,0,0,0,0,0,0,0,0,0,0,0,0,0,0,0,0,1,0,0,0,0,0,0,0,0,0,0,0,0,0,0,0,0,0
8552,[BMIM][TDfO],[BMIM],[TDfO],0.4041,298.2,28.9,0.28740534,0.116694658136368,28.9,train,1,3,0,0,0,0,0,0,0,0,0,1,0,0,0,0,0,0,0,0,0,0,0,0,0,0,0,0,0,0,0,0,0,0,0,0,0,0,0,0,0,0,0,0,1,0,0,0,0,0,0
9438,[C12MIM][Tf2N],[C12MIM],[Tf2N],0.4087,353.15,54.9,0.54501396,-0.136313964176178,33.4,train,1,11,0,0,0,0,0,0,0,0,0,1,0,0,0,0,0,0,0,0,0,0,0,0,0,0,0,0,0,0,0,0,0,1,0,0,0,0,0,0,0,0,0,0,0,0,0,0,0,0,0
4562,[C5MPYR][Tf2N],[C5MPYR],[Tf2N],0.411,313.15,13.6,0.30206674,0.108933256626129,26.5,train,1,4,0,0,0,0,0,0,0,0,0,0,0,0,0,1,0,0,0,0,0,0,0,0,0,0,0,0,0,0,0,0,0,1,0,0,0,0,0,0,0,0,0,0,0,0,0,0,0,0,0
6596,[C5MPYR][Tf2N],[C5MPYR],[Tf2N],0.411,313.15,13.6,0.30206674,0.108933256626129,26.5,train,1,4,0,0,0,0,0,0,0,0,0,0,0,0,0,1,0,0,0,0,0,0,0,0,0,0,0,0,0,0,0,0,0,1,0,0,0,0,0,0,0,0,0,0,0,0,0,0,0,0,0
4565,[C5MPYR][Tf2N],[C5MPYR],[Tf2N],0.411,303.15,11.5,0.2863647,0.124635295629501,30.3,train,1,4,0,0,0,0,0,0,0,0,0,0,0,0,0,1,0,0,0,0,0,0,0,0,0,0,0,0,0,0,0,0,0,1,0,0,0,0,0,0,0,0,0,0,0,0,0,0,0,0,0
6599,[C5MPYR][Tf2N],[C5MPYR],[Tf2N],0.411,303.15,11.5,0.2863647,0.124635295629501,30.3,test,1,4,0,0,0,0,0,0,0,0,0,0,0,0,0,1,0,0,0,0,0,0,0,0,0,0,0,0,0,0,0,0,0,1,0,0,0,0,0,0,0,0,0,0,0,0,0,0,0,0,0
6215,"[P6,6,6,14][Tf2N]","[P6,6,6,14]",[Tf2N],0.421,363.34,35.35,0.5237025,-0.102702502250671,24.4,train,4,28,0,0,0,0,0,0,0,0,0,0,0,0,0,0,0,0,0,0,0,1,0,0,0,0,0,0,0,0,0,0,0,1,0,0,0,0,0,0,0,0,0,0,0,0,0,0,0,0,0
6219,"[P6,6,6,14][Tf2N]","[P6,6,6,14]",[Tf2N],0.421,353.21,31.54,0.52120864,-0.100208643913269,23.8,train,4,28,0,0,0,0,0,0,0,0,0,0,0,0,0,0,0,0,0,0,0,1,0,0,0,0,0,0,0,0,0,0,0,1,0,0,0,0,0,0,0,0,0,0,0,0,0,0,0,0,0
2409,[BMIM][NO3],[BMIM],[NO3],0.425,333.15,70.77,0.32312486,0.10187514424324,24,train,1,3,0,0,0,0,0,0,0,0,0,1,0,0,0,0,0,0,0,0,0,0,0,0,0,0,1,0,0,0,0,0,0,0,0,0,0,0,0,0,0,0,0,0,0,0,0,0,0,0,0
7130,[HMIM][PF6],[HMIM],[PF6],0.427,303.15,21,0.32695216,0.100047840595245,23.4,train,1,5,0,0,0,0,0,0,0,0,0,1,0,0,0,0,0,0,0,0,0,0,0,0,0,0,0,1,0,0,0,0,0,0,0,0,0,0,0,0,0,0,0,0,0,0,0,0,0,0,0
4689,[C9MPYR][Tf2N],[C9MPYR],[Tf2N],0.443,303.15,8.4,0.30882072,0.134179275512695,30.3,train,1,8,0,0,0,0,0,0,0,0,0,0,0,0,0,1,0,0,0,0,0,0,0,0,0,0,0,0,0,0,0,0,0,1,0,0,0,0,0,0,0,0,0,0,0,0,0,0,0,0,0
6723,[C9MPYR][Tf2N],[C9MPYR],[Tf2N],0.443,303.15,8.4,0.30882072,0.134179275512695,30.3,train,1,8,0,0,0,0,0,0,0,0,0,0,0,0,0,1,0,0,0,0,0,0,0,0,0,0,0,0,0,0,0,0,0,1,0,0,0,0,0,0,0,0,0,0,0,0,0,0,0,0,0
1992,[C8F13MIM][Tf2N],[C8F13MIM],[Tf2N],0.455,298.16,13.1,0.28594762,0.169052379131317,37.2,test,0,2,0,0,0,5,1,0,0,0,0,1,0,0,0,0,0,0,0,0,0,0,0,0,0,0,0,0,0,0,0,0,0,1,0,0,0,0,0,0,0,0,0,0,0,0,0,0,0,0,0
9439,[C12MIM][Tf2N],[C12MIM],[Tf2N],0.4695,333.15,47.1,0.5854777,-0.115977709770203,24.7,train,1,11,0,0,0,0,0,0,0,0,0,1,0,0,0,0,0,0,0,0,0,0,0,0,0,0,0,0,0,0,0,0,0,1,0,0,0,0,0,0,0,0,0,0,0,0,0,0,0,0,0
1417,[HMIM][BF4],[HMIM],[BF4],0.47729385410477,307.55,21.3,0.27063286,0.206660991060031,43.3,test,1,5,0,0,0,0,0,0,0,0,0,1,0,0,0,0,0,0,0,0,0,0,0,1,0,0,0,0,0,0,0,0,0,0,0,0,0,0,0,0,0,0,0,0,0,0,0,0,0,0,0
2406,[BMIM][NO3],[BMIM],[NO3],0.48,333.15,84.35,0.37269738,0.10730261683464,22.4,train,1,3,0,0,0,0,0,0,0,0,0,1,0,0,0,0,0,0,0,0,0,0,0,0,0,0,1,0,0,0,0,0,0,0,0,0,0,0,0,0,0,0,0,0,0,0,0,0,0,0,0
7846,[OMIM][BF4],[OMIM],[BF4],0.483373505242943,273.2,12.3,0.36757317,0.115800333388924,24,train,1,7,0,0,0,0,0,0,0,0,0,1,0,0,0,0,0,0,0,0,0,0,0,1,0,0,0,0,0,0,0,0,0,0,0,0,0,0,0,0,0,0,0,0,0,0,0,0,0,0,0
2434,[BMIM][PF6],[BMIM],[PF6],0.495,333.15,56.54,0.3892126,0.105787391662598,21.4,train,1,3,0,0,0,0,0,0,0,0,0,1,0,0,0,0,0,0,0,0,0,0,0,0,0,0,0,1,0,0,0,0,0,0,0,0,0,0,0,0,0,0,0,0,0,0,0,0,0,0,0
7318,[EMIM][MeSO4],[EMIM],[MeSO4],0.51,299.6,52.1,0.3706109,0.139389107227325,27.3,train,1,1,0,0,0,0,0,0,0,0,0,1,0,0,0,0,0,0,0,0,0,0,0,0,0,0,0,0,0,0,0,0,0,0,0,0,0,0,1,0,0,0,0,0,0,0,0,0,0,0,0
9437,[C12MIM][Tf2N],[C12MIM],[Tf2N],0.5118,333.15,55.6,0.62840945,-0.116609445285797,22.8,test,1,11,0,0,0,0,0,0,0,0,0,1,0,0,0,0,0,0,0,0,0,0,0,0,0,0,0,0,0,0,0,0,0,1,0,0,0,0,0,0,0,0,0,0,0,0,0,0,0,0,0
7126,[HMIM][PF6],[HMIM],[PF6],0.512,303.15,28.7,0.4001512,0.111848806858063,21.8,train,1,5,0,0,0,0,0,0,0,0,0,1,0,0,0,0,0,0,0,0,0,0,0,0,0,0,0,1,0,0,0,0,0,0,0,0,0,0,0,0,0,0,0,0,0,0,0,0,0,0,0
4628,[C7MPYR][Tf2N],[C7MPYR],[Tf2N],0.521,303.15,15.5,0.3986109,0.122389110088348,23.5,test,1,6,0,0,0,0,0,0,0,0,0,0,0,0,0,1,0,0,0,0,0,0,0,0,0,0,0,0,0,0,0,0,0,1,0,0,0,0,0,0,0,0,0,0,0,0,0,0,0,0,0
6662,[C7MPYR][Tf2N],[C7MPYR],[Tf2N],0.521,303.15,15.5,0.3986109,0.122389110088348,23.5,train,1,6,0,0,0,0,0,0,0,0,0,0,0,0,0,1,0,0,0,0,0,0,0,0,0,0,0,0,0,0,0,0,0,1,0,0,0,0,0,0,0,0,0,0,0,0,0,0,0,0,0
2402,[BMIM][NO3],[BMIM],[NO3],0.522,333.15,93.17,0.4044608,0.117539212226868,22.5,train,1,3,0,0,0,0,0,0,0,0,0,1,0,0,0,0,0,0,0,0,0,0,0,0,0,0,1,0,0,0,0,0,0,0,0,0,0,0,0,0,0,0,0,0,0,0,0,0,0,0,0
7548,[BMIM][Tf2N],[BMIM],[Tf2N],0.5296,273.15,15,0.4098599,0.119740104293823,22.6,train,1,3,0,0,0,0,0,0,0,0,0,1,0,0,0,0,0,0,0,0,0,0,0,0,0,0,0,0,0,0,0,0,0,1,0,0,0,0,0,0,0,0,0,0,0,0,0,0,0,0,0
9106,[EMIM][BF4],[EMIM],[BF4],0.5452,308.15,70,0.44328249,0.10191751499176,18.7,train,1,1,0,0,0,0,0,0,0,0,0,1,0,0,0,0,0,0,0,0,0,0,0,1,0,0,0,0,0,0,0,0,0,0,0,0,0,0,0,0,0,0,0,0,0,0,0,0,0,0,0
7840,[OMIM][BF4],[OMIM],[BF4],0.552162018900107,273.2,15.5,0.41923672,0.1329252992918,24.1,train,1,7,0,0,0,0,0,0,0,0,0,1,0,0,0,0,0,0,0,0,0,0,0,1,0,0,0,0,0,0,0,0,0,0,0,0,0,0,0,0,0,0,0,0,0,0,0,0,0,0,0
7851,[OMIM][BF4],[OMIM],[BF4],0.554158939288531,258.2,10.4,0.4383576,0.115801347659503,20.9,train,1,7,0,0,0,0,0,0,0,0,0,1,0,0,0,0,0,0,0,0,0,0,0,1,0,0,0,0,0,0,0,0,0,0,0,0,0,0,0,0,0,0,0,0,0,0,0,0,0,0,0
2429,[BMIM][PF6],[BMIM],[PF6],0.564,333.15,71.43,0.443689,0.120311011314392,21.3,test,1,3,0,0,0,0,0,0,0,0,0,1,0,0,0,0,0,0,0,0,0,0,0,0,0,0,0,1,0,0,0,0,0,0,0,0,0,0,0,0,0,0,0,0,0,0,0,0,0,0,0
9100,[EMIM][BF4],[EMIM],[BF4],0.5762,308.15,80,0.4739936,0.102206400585175,17.7,train,1,1,0,0,0,0,0,0,0,0,0,1,0,0,0,0,0,0,0,0,0,0,0,1,0,0,0,0,0,0,0,0,0,0,0,0,0,0,0,0,0,0,0,0,0,0,0,0,0,0,0
2431,[BMIM][PF6],[BMIM],[PF6],0.581,323.15,70.19,0.47466028,0.106339722633362,18.3,train,1,3,0,0,0,0,0,0,0,0,0,1,0,0,0,0,0,0,0,0,0,0,0,0,0,0,0,1,0,0,0,0,0,0,0,0,0,0,0,0,0,0,0,0,0,0,0,0,0,0,0
3281,"[P6,6,6,14][Tf2N]","[P6,6,6,14]",[Tf2N],0.593,333.45,23.5,0.49298555,0.100014453411102,16.9,train,4,28,0,0,0,0,0,0,0,0,0,0,0,0,0,0,0,0,0,0,0,1,0,0,0,0,0,0,0,0,0,0,0,1,0,0,0,0,0,0,0,0,0,0,0,0,0,0,0,0,0
3271,"[P6,6,6,14][Tf2N]","[P6,6,6,14]",[Tf2N],0.593,373.65,33.9,0.49252707,0.100472932338715,16.9,train,4,28,0,0,0,0,0,0,0,0,0,0,0,0,0,0,0,0,0,0,0,1,0,0,0,0,0,0,0,0,0,0,0,1,0,0,0,0,0,0,0,0,0,0,0,0,0,0,0,0,0
3282,"[P6,6,6,14][Tf2N]","[P6,6,6,14]",[Tf2N],0.593,323.75,21.3,0.48487806,0.108121936798096,18.2,train,4,28,0,0,0,0,0,0,0,0,0,0,0,0,0,0,0,0,0,0,0,1,0,0,0,0,0,0,0,0,0,0,0,1,0,0,0,0,0,0,0,0,0,0,0,0,0,0,0,0,0
3284,"[P6,6,6,14][Tf2N]","[P6,6,6,14]",[Tf2N],0.593,313.05,18.8,0.46804512,0.124954884529114,21.1,test,4,28,0,0,0,0,0,0,0,0,0,0,0,0,0,0,0,0,0,0,0,1,0,0,0,0,0,0,0,0,0,0,0,1,0,0,0,0,0,0,0,0,0,0,0,0,0,0,0,0,0
3285,"[P6,6,6,14][Tf2N]","[P6,6,6,14]",[Tf2N],0.593,303.85,16.5,0.44455302,0.148446982383728,25,train,4,28,0,0,0,0,0,0,0,0,0,0,0,0,0,0,0,0,0,0,0,1,0,0,0,0,0,0,0,0,0,0,0,1,0,0,0,0,0,0,0,0,0,0,0,0,0,0,0,0,0
3286,"[P6,6,6,14][Tf2N]","[P6,6,6,14]",[Tf2N],0.593,295.65,14.3,0.41494417,0.178055828094482,30,train,4,28,0,0,0,0,0,0,0,0,0,0,0,0,0,0,0,0,0,0,0,1,0,0,0,0,0,0,0,0,0,0,0,1,0,0,0,0,0,0,0,0,0,0,0,0,0,0,0,0,0
1154,[BMIM][BF4],[BMIM],[BF4],0.6017,327.91,467.2,0.7022599,-0.10055989818573,16.7,train,1,3,0,0,0,0,0,0,0,0,0,1,0,0,0,0,0,0,0,0,0,0,0,1,0,0,0,0,0,0,0,0,0,0,0,0,0,0,0,0,0,0,0,0,0,0,0,0,0,0,0
2364,[OMIM][BF4],[OMIM],[BF4],0.605,333.15,84.14,0.49782062,0.107179384231567,17.7,train,1,7,0,0,0,0,0,0,0,0,0,1,0,0,0,0,0,0,0,0,0,0,0,1,0,0,0,0,0,0,0,0,0,0,0,0,0,0,0,0,0,0,0,0,0,0,0,0,0,0,0
7839,[OMIM][BF4],[OMIM],[BF4],0.606159782230581,273.2,18.2,0.45941597,0.146743809997762,24.2,test,1,7,0,0,0,0,0,0,0,0,0,1,0,0,0,0,0,0,0,0,0,0,0,1,0,0,0,0,0,0,0,0,0,0,0,0,0,0,0,0,0,0,0,0,0,0,0,0,0,0,0
7366,[HOC2MIM][TFA],[HOC2MIM],[TFA],0.61,333.6,82.3,0.44645393,0.163546071052551,26.8,train,0,2,0,0,0,0,0,1,0,0,0,1,0,0,0,0,0,0,0,0,0,0,0,0,0,0,0,0,0,0,0,0,0,0,0,0,1,0,0,0,0,0,0,0,0,0,0,0,0,0,0
2430,[BMIM][PF6],[BMIM],[PF6],0.616,313.15,70.33,0.51409584,0.101904157161713,16.5,test,1,3,0,0,0,0,0,0,0,0,0,1,0,0,0,0,0,0,0,0,0,0,0,0,0,0,0,1,0,0,0,0,0,0,0,0,0,0,0,0,0,0,0,0,0,0,0,0,0,0,0
7540,[BMIM][Tf2N],[BMIM],[Tf2N],0.617,273.15,20,0.5066225,0.110377506732941,17.9,train,1,3,0,0,0,0,0,0,0,0,0,1,0,0,0,0,0,0,0,0,0,0,0,0,0,0,0,0,0,0,0,0,0,1,0,0,0,0,0,0,0,0,0,0,0,0,0,0,0,0,0
7857,[OMIM][BF4],[OMIM],[BF4],0.619110906070781,243.2,8.4,0.49512494,0.12398596996696,20,train,1,7,0,0,0,0,0,0,0,0,0,1,0,0,0,0,0,0,0,0,0,0,0,1,0,0,0,0,0,0,0,0,0,0,0,0,0,0,0,0,0,0,0,0,0,0,0,0,0,0,0
2428,[BMIM][PF6],[BMIM],[PF6],0.62,333.15,83.77,0.47878456,0.141215438842773,22.8,train,1,3,0,0,0,0,0,0,0,0,0,1,0,0,0,0,0,0,0,0,0,0,0,0,0,0,0,1,0,0,0,0,0,0,0,0,0,0,0,0,0,0,0,0,0,0,0,0,0,0,0
7845,[OMIM][BF4],[OMIM],[BF4],0.624163498267304,258.2,13,0.4897294,0.134434093817841,21.5,train,1,7,0,0,0,0,0,0,0,0,0,1,0,0,0,0,0,0,0,0,0,0,0,1,0,0,0,0,0,0,0,0,0,0,0,0,0,0,0,0,0,0,0,0,0,0,0,0,0,0,0
7367,[HOC2MIM][TFA],[HOC2MIM],[TFA],0.63,314.2,81.2,0.5212025,0.108797495365143,17.3,train,0,2,0,0,0,0,0,1,0,0,0,1,0,0,0,0,0,0,0,0,0,0,0,0,0,0,0,0,0,0,0,0,0,0,0,0,1,0,0,0,0,0,0,0,0,0,0,0,0,0,0
3283,"[P6,6,6,14][Tf2N]","[P6,6,6,14]",[Tf2N],0.6309,296.05,21.1,0.5237489,0.107151125335693,17,train,4,28,0,0,0,0,0,0,0,0,0,0,0,0,0,0,0,0,0,0,0,1,0,0,0,0,0,0,0,0,0,0,0,1,0,0,0,0,0,0,0,0,0,0,0,0,0,0,0,0,0
2427,[BMIM][PF6],[BMIM],[PF6],0.64,323.15,84.19,0.5113215,0.128678514957428,20.1,train,1,3,0,0,0,0,0,0,0,0,0,1,0,0,0,0,0,0,0,0,0,0,0,0,0,0,0,1,0,0,0,0,0,0,0,0,0,0,0,0,0,0,0,0,0,0,0,0,0,0,0
2361,[OMIM][BF4],[OMIM],[BF4],0.651,333.15,93.73,0.52373266,0.127267337799072,19.5,train,1,7,0,0,0,0,0,0,0,0,0,1,0,0,0,0,0,0,0,0,0,0,0,1,0,0,0,0,0,0,0,0,0,0,0,0,0,0,0,0,0,0,0,0,0,0,0,0,0,0,0
7462,[HMIM][PF6],[HMIM],[PF6],0.658436858369319,243.2,11.4,0.5095583,0.148878538323848,22.6,train,1,5,0,0,0,0,0,0,0,0,0,1,0,0,0,0,0,0,0,0,0,0,0,0,0,0,0,1,0,0,0,0,0,0,0,0,0,0,0,0,0,0,0,0,0,0,0,0,0,0,0
8105,[EMIM][Tf2N],[EMIM],[Tf2N],0.667,313.2,47.3,0.55234206,0.114657942771912,17.2,train,1,1,0,0,0,0,0,0,0,0,0,1,0,0,0,0,0,0,0,0,0,0,0,0,0,0,0,0,0,0,0,0,0,1,0,0,0,0,0,0,0,0,0,0,0,0,0,0,0,0,0
2424,[BMIM][PF6],[BMIM],[PF6],0.667,333.15,93.01,0.49959767,0.167402331352234,25.1,train,1,3,0,0,0,0,0,0,0,0,0,1,0,0,0,0,0,0,0,0,0,0,0,0,0,0,0,1,0,0,0,0,0,0,0,0,0,0,0,0,0,0,0,0,0,0,0,0,0,0,0
2363,[OMIM][BF4],[OMIM],[BF4],0.671,323.15,92.28,0.55287254,0.118127461433411,17.6,train,1,7,0,0,0,0,0,0,0,0,0,1,0,0,0,0,0,0,0,0,0,0,0,1,0,0,0,0,0,0,0,0,0,0,0,0,0,0,0,0,0,0,0,0,0,0,0,0,0,0,0
2425,[BMIM][PF6],[BMIM],[PF6],0.675,323.15,92.46,0.5277578,0.147242176532745,21.8,test,1,3,0,0,0,0,0,0,0,0,0,1,0,0,0,0,0,0,0,0,0,0,0,0,0,0,0,1,0,0,0,0,0,0,0,0,0,0,0,0,0,0,0,0,0,0,0,0,0,0,0
7835,[OMIM][BF4],[OMIM],[BF4],0.676672800538348,273.2,21.91,0.50983727,0.166835530755328,24.7,train,1,7,0,0,0,0,0,0,0,0,0,1,0,0,0,0,0,0,0,0,0,0,0,1,0,0,0,0,0,0,0,0,0,0,0,0,0,0,0,0,0,0,0,0,0,0,0,0,0,0,0
7841,[OMIM][BF4],[OMIM],[BF4],0.678202879779806,258.2,15.09,0.5286196,0.149583292358389,22.1,test,1,7,0,0,0,0,0,0,0,0,0,1,0,0,0,0,0,0,0,0,0,0,0,1,0,0,0,0,0,0,0,0,0,0,0,0,0,0,0,0,0,0,0,0,0,0,0,0,0,0,0
2447,[OMIM][PF6],[OMIM],[PF6],0.682,333.15,84.6,0.5590218,0.122978229045868,18,train,1,7,0,0,0,0,0,0,0,0,0,1,0,0,0,0,0,0,0,0,0,0,0,0,0,0,0,1,0,0,0,0,0,0,0,0,0,0,0,0,0,0,0,0,0,0,0,0,0,0,0
2426,[BMIM][PF6],[BMIM],[PF6],0.698,313.15,84.95,0.54838955,0.149610445976257,21.4,test,1,3,0,0,0,0,0,0,0,0,0,1,0,0,0,0,0,0,0,0,0,0,0,0,0,0,0,1,0,0,0,0,0,0,0,0,0,0,0,0,0,0,0,0,0,0,0,0,0,0,0
7852,[OMIM][BF4],[OMIM],[BF4],0.702481494866541,243.2,10.11,0.5355175,0.166963981114557,23.8,train,1,7,0,0,0,0,0,0,0,0,0,1,0,0,0,0,0,0,0,0,0,0,0,1,0,0,0,0,0,0,0,0,0,0,0,0,0,0,0,0,0,0,0,0,0,0,0,0,0,0,0
2446,[OMIM][PF6],[OMIM],[PF6],0.705,323.15,92.67,0.60445493,0.100545065402985,14.3,train,1,7,0,0,0,0,0,0,0,0,0,1,0,0,0,0,0,0,0,0,0,0,0,0,0,0,0,1,0,0,0,0,0,0,0,0,0,0,0,0,0,0,0,0,0,0,0,0,0,0,0
2362,[OMIM][BF4],[OMIM],[BF4],0.708,313.15,92.9,0.5958239,0.112176115989685,15.8,train,1,7,0,0,0,0,0,0,0,0,0,1,0,0,0,0,0,0,0,0,0,0,0,1,0,0,0,0,0,0,0,0,0,0,0,0,0,0,0,0,0,0,0,0,0,0,0,0,0,0,0
2444,[OMIM][PF6],[OMIM],[PF6],0.726,333.15,92.88,0.57585466,0.150145340919495,20.7,train,1,7,0,0,0,0,0,0,0,0,0,1,0,0,0,0,0,0,0,0,0,0,0,0,0,0,0,1,0,0,0,0,0,0,0,0,0,0,0,0,0,0,0,0,0,0,0,0,0,0,0
2423,[BMIM][PF6],[BMIM],[PF6],0.729,313.15,95.67,0.56597066,0.163029340744019,22.4,train,1,3,0,0,0,0,0,0,0,0,0,1,0,0,0,0,0,0,0,0,0,0,0,0,0,0,0,1,0,0,0,0,0,0,0,0,0,0,0,0,0,0,0,0,0,0,0,0,0,0,0
7848,[OMIM][BF4],[OMIM],[BF4],0.74938474464557,243.2,11.3,0.5627707,0.186614020349,24.9,test,1,7,0,0,0,0,0,0,0,0,0,1,0,0,0,0,0,0,0,0,0,0,0,1,0,0,0,0,0,0,0,0,0,0,0,0,0,0,0,0,0,0,0,0,0,0,0,0,0,0,0
7836,[OMIM][BF4],[OMIM],[BF4],0.749846494763572,258.2,18.56,0.5885395,0.161307013600547,21.5,train,1,7,0,0,0,0,0,0,0,0,0,1,0,0,0,0,0,0,0,0,0,0,0,1,0,0,0,0,0,0,0,0,0,0,0,0,0,0,0,0,0,0,0,0,0,0,0,0,0,0,0
2445,[OMIM][PF6],[OMIM],[PF6],0.755,313.15,92.67,0.64070725,0.11429274559021,15.1,train,1,7,0,0,0,0,0,0,0,0,0,1,0,0,0,0,0,0,0,0,0,0,0,0,0,0,0,1,0,0,0,0,0,0,0,0,0,0,0,0,0,0,0,0,0,0,0,0,0,0,0
6484,[OMIM][Tf2N],[OMIM],[Tf2N],0.7915,313.2,55.4,0.68308157,0.108418432712555,13.7,train,1,7,0,0,0,0,0,0,0,0,0,1,0,0,0,0,0,0,0,0,0,0,0,0,0,0,0,0,0,0,0,0,0,1,0,0,0,0,0,0,0,0,0,0,0,0,0,0,0,0,0
8346,[BMIM][NfO],[BMIM],[NfO],0.7931,308.2,62.12,0.671486,0.121613979911804,15.3,train,1,3,0,0,0,0,0,0,0,0,0,1,0,0,0,0,0,0,0,0,0,0,0,0,0,0,0,0,0,0,0,0,0,0,0,0,0,0,0,0,0,0,0,1,0,0,0,0,0,0,0
8343,[BMIM][NfO],[BMIM],[NfO],0.7931,313.2,63.57,0.65168995,0.141410053348541,17.8,train,1,3,0,0,0,0,0,0,0,0,0,1,0,0,0,0,0,0,0,0,0,0,0,0,0,0,0,0,0,0,0,0,0,0,0,0,0,0,0,0,0,0,0,1,0,0,0,0,0,0,0
8342,[BMIM][NfO],[BMIM],[NfO],0.7931,318.2,65.5,0.6353427,0.157757282829285,19.9,train,1,3,0,0,0,0,0,0,0,0,0,1,0,0,0,0,0,0,0,0,0,0,0,0,0,0,0,0,0,0,0,0,0,0,0,0,0,0,0,0,0,0,0,1,0,0,0,0,0,0,0
8341,[BMIM][NfO],[BMIM],[NfO],0.9,303.2,78,0.7643767,0.135623300075531,15.1,test,1,3,0,0,0,0,0,0,0,0,0,1,0,0,0,0,0,0,0,0,0,0,0,0,0,0,0,0,0,0,0,0,0,0,0,0,0,0,0,0,0,0,0,1,0,0,0,0,0,0,0
8340,[BMIM][NfO],[BMIM],[NfO],0.9,308.2,79.62,0.74120325,0.158796751499176,17.6,train,1,3,0,0,0,0,0,0,0,0,0,1,0,0,0,0,0,0,0,0,0,0,0,0,0,0,0,0,0,0,0,0,0,0,0,0,0,0,0,0,0,0,0,1,0,0,0,0,0,0,0
8339,[BMIM][NfO],[BMIM],[NfO],0.9,313.2,81.15,0.7197948,0.180205190181732,20,test,1,3,0,0,0,0,0,0,0,0,0,1,0,0,0,0,0,0,0,0,0,0,0,0,0,0,0,0,0,0,0,0,0,0,0,0,0,0,0,0,0,0,0,1,0,0,0,0,0,0,0
8338,[BMIM][NfO],[BMIM],[NfO],0.9,318.2,82.87,0.70072687,0.199273133277893,22.1,train,1,3,0,0,0,0,0,0,0,0,0,1,0,0,0,0,0,0,0,0,0,0,0,0,0,0,0,0,0,0,0,0,0,0,0,0,0,0,0,0,0,0,0,1,0,0,0,0,0,0,0
8506,[BMIM][TDfO],[BMIM],[TDfO],0.9008,323.2,112,0.7955922,0.105207811164856,11.7,train,1,3,0,0,0,0,0,0,0,0,0,1,0,0,0,0,0,0,0,0,0,0,0,0,0,0,0,0,0,0,0,0,0,0,0,0,0,0,0,0,0,0,0,0,1,0,0,0,0,0,0
